cntr_mf,source_id_mf,ra,dec,nb,na,cc_flags,cat,cntr,frame_id,mjd,w1mpro_ep,w1sigmpro_ep,w1rchi2_ep,w2mpro_ep,w2sigmpro_ep,w2rchi2_ep,w3mpro_ep,w3sigmpro_ep,w3rchi2_ep,w4mpro_ep,w4sigmpro_ep,w4rchi2_ep,w1flux_ep,w1sigflux_ep,w2flux_ep,w2sigflux_ep,w3flux_ep,w3sigflux_ep,w4flux_ep,w4sigflux_ep,w1x_ep,w1y_ep,w2x_ep,w2y_ep,w3x_ep,w3y_ep,w4x_ep,w4y_ep,qi_fact,saa_sep,moon_masked,load_id,x,y,z,spt_ind,htm20
2429148401351059600,2429p484_ac51-059600,242.4675029,49.0336136,2,1,0000,1,2429148410596000028,06749a235,55402.79560690,11.805,0.044,3.882,11.302,0.047,1.472,8.653,0.066,1.022,6.675,0.366,1.001,3006.3560,120.7970,1902.4910,82.5840,5482.2402,334.9630,338.8730,114.0840,892.398,412.798,889.457,410.414,891.389,408.265,445.673,206.980,1.0,59,0000,1059,-0.3030596382528370,-0.5813668331053680,0.7550943391570980,213212230,15284476912206
2429148401351059600,2429p484_ac51-059600,242.4675029,49.0336136,2,1,0000,1,2429148410596000080,12440a019,55590.96104060,11.872,0.027,3.763,11.418,0.040,1.784,,,,,,,2827.4280,69.2610,1709.5710,63.5730,,,,,861.525,733.808,860.208,731.582,,,,,1.0,107,0000,1059,-0.3030596382528370,-0.5813668331053680,0.7550943391570980,213212230,15284476912206
2429148401351059600,2429p484_ac51-059600,242.4675029,49.0336136,2,1,0000,1,2429148410596000030,06753a235,55402.92791070,11.847,0.045,3.815,11.259,0.049,1.576,8.868,0.076,1.103,6.259,,1.033,2893.0510,119.8490,1978.5360,89.7090,4496.6831,316.8010,246.7760,125.1330,825.258,484.423,823.056,482.331,824.989,480.134,412.147,242.420,1.0,64,0000,1059,-0.3030596382528370,-0.5813668331053680,0.7550943391570980,213212230,15284476912206
2429148401351059600,2429p484_ac51-059600,242.4675029,49.0336136,2,1,0000,1,2429148410596000031,06754a259,55402.99399890,11.808,0.043,3.872,11.271,0.047,1.513,8.602,0.067,1.043,6.738,0.313,1.022,2997.7141,118.8720,1956.7570,83.8890,5745.3042,353.3590,319.8370,92.2070,575.771,55.379,573.335,54.349,571.469,55.504,287.581,30.309,1.0,72,0000,1059,-0.3030596382528370,-0.5813668331053680,0.7550943391570980,213212230,15284476912206
2429148401351059600,2429p484_ac51-059600,242.4675029,49.0336136,2,1,0000,1,2429148410596000032,06754a260,55402.99412620,11.828,0.042,3.820,11.276,0.042,1.513,8.732,0.083,1.031,6.429,0.277,1.041,2942.1599,112.6550,1948.6930,75.9730,5095.8452,390.7470,425.1870,108.6300,571.920,969.572,573.410,968.643,576.484,965.340,285.611,482.485,1.0,72,0000,1059,-0.3030596382528370,-0.5813668331053680,0.7550943391570980,213212230,15284476912206
2429148401351059600,2429p484_ac51-059600,242.4675029,49.0336136,2,1,0000,1,2429148410596000033,06757a235,55403.06021450,11.871,0.044,3.761,11.241,0.044,1.557,8.677,0.065,1.061,6.334,0.259,1.027,2827.5039,113.8790,2011.5470,81.4370,5362.6538,322.3320,463.9870,110.4790,755.458,586.232,754.139,584.448,756.215,582.077,377.288,292.797,1.0,83,0000,1059,-0.3030596382528370,-0.5813668331053680,0.7550943391570980,213212230,15284476912206
2429148401351059600,2429p484_ac51-059600,242.4675029,49.0336136,2,1,0000,1,2429148410596000034,06759a170,55403.12630280,11.871,0.043,3.761,11.268,0.042,1.528,8.622,0.063,1.047,6.730,0.348,1.005,2828.7739,112.9210,1962.7770,75.5730,5639.9580,327.6950,321.9670,103.1300,503.142,157.499,501.562,156.814,499.815,157.759,251.284,80.836,1.0,96,0000,1059,-0.3030596382528370,-0.5813668331053680,0.7550943391570980,213212230,15284476912206
2429148401351059600,2429p484_ac51-059600,242.4675029,49.0336136,2,1,0000,1,2429148410596000035,06761a171,55403.19251830,11.869,0.045,3.842,11.265,0.045,1.516,8.606,0.067,1.049,6.116,0.217,1.012,2833.1130,118.1020,1967.9410,81.7560,5721.3872,353.3860,567.1610,113.3530,690.466,645.288,689.806,643.789,691.816,641.439,344.822,322.026,1.0,110,0000,1059,-0.3030596382528370,-0.5813668331053680,0.7550943391570980,213212230,15284476912206
2429148401351059600,2429p484_ac51-059600,242.4675029,49.0336136,2,1,0000,1,2429148410596000036,06762a259,55403.25860640,11.817,0.047,3.864,11.220,0.048,1.621,8.796,0.079,1.044,6.272,0.211,0.979,2972.8721,128.7950,2050.5581,91.2250,4802.9980,350.6010,491.2840,95.6470,435.694,222.957,434.786,222.579,432.999,223.482,217.585,113.223,1.0,124,0000,1059,-0.3030596382528370,-0.5813668331053680,0.7550943391570980,213212230,15284476912206
2429148401351059600,2429p484_ac51-059600,242.4675029,49.0336136,2,1,0000,1,2429148410596000037,06765a235,55403.32482200,11.827,0.044,3.826,11.283,0.045,1.514,8.724,0.081,1.014,6.445,0.257,0.994,2945.3789,118.4610,1935.5040,79.6260,5134.2959,385.0600,418.6730,99.1200,616.026,722.434,616.155,721.263,618.142,718.894,307.634,360.205,1.0,124,0000,1059,-0.3030596382528370,-0.5813668331053680,0.7550943391570980,213212230,15284476912206
2429148401351059600,2429p484_ac51-059600,242.4675029,49.0336136,2,1,0000,1,2429148410596000038,06766a259,55403.39091020,11.869,0.048,3.789,11.211,0.046,1.661,8.805,0.078,1.051,6.377,0.297,0.981,2834.1201,124.8460,2067.8301,87.7090,4766.0220,344.1500,445.9550,122.1470,367.132,294.846,366.927,294.775,365.132,295.609,183.330,148.783,1.0,110,0000,1059,-0.3030596382528370,-0.5813668331053680,0.7550943391570980,213212230,15284476912206
2429148401351059600,2429p484_ac51-059600,242.4675029,49.0336136,2,1,0000,1,2429148410596000039,06769a170,55403.45712580,11.817,0.041,3.885,11.240,0.045,1.561,8.754,0.072,1.022,6.309,0.265,0.978,2973.0381,113.2870,2014.3361,82.6720,4993.5298,328.9810,474.6990,115.6560,550.986,785.634,551.780,784.748,553.725,782.387,275.139,391.482,1.0,98,0000,1059,-0.3030596382528370,-0.5813668331053680,0.7550943391570980,213212230,15284476912206
2429148401351059600,2429p484_ac51-059600,242.4675029,49.0336136,2,1,0000,1,2429148410596000040,06770a259,55403.52321400,11.826,0.047,3.825,11.228,0.046,1.592,8.782,0.071,1.050,6.778,0.344,1.009,2947.5530,126.2520,2035.6760,86.2430,4864.5112,317.9490,308.2780,97.7920,296.623,351.179,297.069,351.420,295.171,352.273,148.108,176.647,1.0,87,0000,1059,-0.3030596382528370,-0.5813668331053680,0.7550943391570980,213212230,15284476912206
2429148401351059600,2429p484_ac51-059600,242.4675029,49.0336136,2,1,0000,1,2429148410596000041,06773a236,55403.58942960,11.766,0.027,4.084,11.267,0.028,1.532,,,,,,,3115.1079,77.4110,1964.7480,51.0140,,,,,486.654,833.167,488.034,832.558,,,,,1.0,80,0000,1059,-0.3030596382528370,-0.5813668331053680,0.7550943391570980,213212230,15284476912206
2429148401351059600,2429p484_ac51-059600,242.4675029,49.0336136,2,1,0000,1,2429148410596000042,06774a259,55403.65551780,11.857,0.046,3.780,11.272,0.048,1.550,8.665,0.062,1.026,6.209,0.200,1.079,2866.2910,121.4250,1954.5300,85.8480,5422.1460,311.5480,520.6340,95.7500,232.530,401.432,233.562,401.956,231.565,402.830,116.093,201.501,1.0,71,0000,1059,-0.3030596382528370,-0.5813668331053680,0.7550943391570980,213212230,15284476912206
2429148401351059600,2429p484_ac51-059600,242.4675029,49.0336136,2,1,0000,1,2429148410596000043,06777a236,55403.72173340,11.797,0.041,3.908,11.196,0.042,1.712,8.619,0.069,1.113,6.357,0.248,0.977,3027.0029,114.3700,2096.7290,80.4050,5652.2769,360.4420,453.9790,103.5580,418.265,903.711,420.351,903.398,422.148,901.122,208.821,449.911,1.0,62,0000,1059,-0.3030596382528370,-0.5813668331053680,0.7550943391570980,213212230,15284476912206
2429148401351059600,2429p484_ac51-059600,242.4675029,49.0336136,2,1,0000,1,2429148410596000044,06778a259,55403.78782160,11.828,0.048,3.821,11.247,0.047,1.543,8.742,0.076,1.018,6.121,0.222,1.006,2943.6499,129.8700,2001.4600,86.4990,5051.2339,354.0890,564.5210,115.5640,165.549,482.660,167.316,483.470,165.364,484.234,82.628,241.668,1.0,59,0000,1059,-0.3030596382528370,-0.5813668331053680,0.7550943391570980,213212230,15284476912206
2429148401351059600,2429p484_ac51-059600,242.4675029,49.0336136,2,1,0000,1,2429148410596000045,06781a235,55403.85390990,11.869,0.044,3.796,11.273,0.041,1.496,8.795,0.072,1.044,6.178,0.251,0.993,2834.9170,114.1840,1952.5790,74.5370,4806.2119,317.9980,535.4430,123.8600,350.224,63.588,349.132,63.570,346.018,65.684,174.939,34.439,1.0,59,0000,1059,-0.3030596382528370,-0.5813668331053680,0.7550943391570980,213212230,15284476912206
2429148401351059600,2429p484_ac51-059600,242.4675029,49.0336136,2,1,0000,1,2429148410596000046,06781a236,55403.85403720,11.820,0.043,3.844,11.242,0.044,1.578,8.694,0.070,1.044,6.478,0.317,0.999,2964.3921,118.7100,2010.7460,80.9280,5277.5840,341.0480,406.2360,118.6020,347.838,977.647,350.650,977.635,352.418,975.369,173.622,486.493,1.0,60,0000,1059,-0.3030596382528370,-0.5813668331053680,0.7550943391570980,213212230,15284476912206
2429148401351059600,2429p484_ac51-059600,242.4675029,49.0336136,2,1,0000,1,2429148410596000047,06782a259,55403.92012550,11.836,0.043,3.840,11.222,0.044,1.612,8.805,0.083,1.059,6.003,0.201,1.099,2921.0691,116.6460,2046.6310,82.2900,4764.1758,362.8020,629.1980,116.4350,95.452,551.319,97.921,552.430,95.912,553.169,47.605,275.622,1.0,63,0000,1059,-0.3030596382528370,-0.5813668331053680,0.7550943391570980,213212230,15284476912206
2429148401351059600,2429p484_ac51-059600,242.4675029,49.0336136,2,1,0000,1,2429148410596000048,06785a235,55403.98621370,11.839,0.046,3.796,11.276,0.046,1.495,8.669,0.066,1.069,6.076,0.191,1.000,2912.5020,123.3210,1947.4290,81.9390,5402.4658,327.4050,588.0310,103.2470,283.765,122.893,283.306,123.188,280.132,125.277,141.739,63.781,1.0,70,0000,1059,-0.3030596382528370,-0.5813668331053680,0.7550943391570980,213212230,15284476912206
2429148401351059600,2429p484_ac51-059600,242.4675029,49.0336136,2,1,0000,1,2429148410596000049,06786a259,55404.05242930,11.835,0.048,3.851,11.292,0.049,1.556,8.759,0.072,1.040,6.355,0.217,1.029,2924.8169,129.4690,1919.7600,87.0570,4969.6191,327.9200,455.1200,91.0210,28.738,617.036,31.877,618.436,29.794,619.166,14.265,308.129,1.0,81,0000,1059,-0.3030596382528370,-0.5813668331053680,0.7550943391570980,213212230,15284476912206
2429148401351059600,2429p484_ac51-059600,242.4675029,49.0336136,2,1,0000,1,2429148410596000050,06789a235,55404.11851750,11.833,0.045,3.957,11.227,0.044,1.613,8.702,0.072,1.011,6.120,0.222,1.009,2929.4131,120.3820,2038.6560,83.0050,5237.2300,347.3810,564.7720,115.2580,213.541,188.455,213.766,189.076,210.546,191.122,106.662,96.211,1.0,94,0000,1059,-0.3030596382528370,-0.5813668331053680,0.7550943391570980,213212230,15284476912206
2429148401351059600,2429p484_ac51-059600,242.4675029,49.0336136,2,1,0000,1,2429148410596000051,06793a235,55404.25082130,11.805,0.044,3.882,11.202,0.050,1.712,8.782,0.080,1.061,6.396,0.225,0.990,3006.9299,122.4410,2084.6360,96.7760,4865.7832,359.4310,438.0240,90.8520,145.799,256.598,146.706,257.528,143.467,259.506,72.826,129.910,1.0,123,0000,1059,-0.3030596382528370,-0.5813668331053680,0.7550943391570980,213212230,15284476912206
2429148401351059600,2429p484_ac51-059600,242.4675029,49.0336136,2,1,0000,1,2429148410596000052,06797a235,55404.38312510,11.859,0.049,3.783,11.275,0.049,1.503,8.788,0.073,1.038,6.366,0.215,1.021,2860.9651,130.2430,1950.4969,88.4170,4839.2881,325.3900,450.3120,89.2960,74.394,322.373,75.994,323.628,72.696,325.569,37.163,162.439,1.0,112,0000,1059,-0.3030596382528370,-0.5813668331053680,0.7550943391570980,213212230,15284476912206
2429148401351059600,2429p484_ac51-059600,242.4675029,49.0336136,2,1,0000,1,2429148410596000053,06801a199,55404.51542890,11.912,0.050,3.874,11.266,0.048,1.513,8.629,0.072,1.031,6.386,0.227,0.998,2725.0090,126.1220,1965.1760,86.7410,5602.9951,369.0800,442.3520,92.6590,10.942,364.684,13.087,366.229,9.645,368.225,5.477,183.368,1.0,88,0000,1059,-0.3030596382528370,-0.5813668331053680,0.7550943391570980,213212230,15284476912206
2429148401351059600,2429p484_ac51-059600,242.4675029,49.0336136,2,1,0000,1,2429148410596000054,12309b047,55586.66261800,11.928,0.024,3.812,11.418,0.030,1.629,,,,,,,2683.3940,59.9710,1709.3700,47.0310,,,,,69.961,511.905,72.368,513.137,,,,,1.0,92,0000,1059,-0.3030596382528370,-0.5813668331053680,0.7550943391570980,213212230,15284476912206
2429148401351059600,2429p484_ac51-059600,242.4675029,49.0336136,2,1,0000,1,2429148410596000055,12313b047,55586.79492230,11.878,0.027,3.959,11.332,0.027,1.493,,,,,,,2810.3569,71.0460,1850.0370,45.1600,,,,,143.461,856.377,146.905,857.219,,,,,1.0,120,0000,1059,-0.3030596382528370,-0.5813668331053680,0.7550943391570980,213212230,15284476912206
2429148401351059600,2429p484_ac51-059600,242.4675029,49.0336136,2,1,0000,1,2429148410596000066,12400a019,55589.63838000,11.857,0.025,3.820,11.314,0.028,1.469,,,,,,,2865.2629,66.9670,1881.0190,47.7510,,,,,130.181,126.740,130.557,127.737,,,,,1.0,87,0000,1059,-0.3030596382528370,-0.5813668331053680,0.7550943391570980,213212230,15284476912206
2429148401351059600,2429p484_ac51-059600,242.4675029,49.0336136,2,1,0000,1,2429148410596000067,12401b044,55589.70459590,11.897,0.027,3.977,11.386,0.030,1.552,,,,,,,2761.7080,69.0420,1760.1240,48.4770,,,,,385.167,751.896,386.754,751.704,,,,,0.5,101,0000,1059,-0.3030596382528370,-0.5813668331053680,0.7550943391570980,213212230,15284476912206
2429148401351059600,2429p484_ac51-059600,242.4675029,49.0336136,2,1,0000,1,2429148410596000068,12404a019,55589.77068430,11.849,0.026,3.835,11.356,0.028,1.530,,,,,,,2886.0391,68.9220,1810.3190,47.1930,,,,,199.914,474.989,201.401,475.620,,,,,1.0,115,0000,1059,-0.3030596382528370,-0.5813668331053680,0.7550943391570980,213212230,15284476912206
2429148401351059600,2429p484_ac51-059600,242.4675029,49.0336136,2,1,0000,1,2429148410596000069,12405b043,55589.83677280,11.927,0.028,3.843,11.302,0.031,1.474,,,,,,,2686.3320,68.7610,1901.8450,54.4300,,,,,460.836,188.668,459.604,188.187,,,,,1.0,128,0000,1059,-0.3030596382528370,-0.5813668331053680,0.7550943391570980,213212230,15284476912206
2429148401351059600,2429p484_ac51-059600,242.4675029,49.0336136,2,1,0000,1,2429148410596000070,12412a019,55590.03516560,11.854,0.028,3.876,11.447,0.035,1.717,,,,,,,2873.4961,73.5000,1664.2791,53.8110,,,,,352.089,229.739,351.667,229.734,,,,,0.5,94,0000,1059,-0.3030596382528370,-0.5813668331053680,0.7550943391570980,213212230,15284476912206
2429148401351059600,2429p484_ac51-059600,242.4675029,49.0336136,2,1,0000,1,2429148410596000071,12416a019,55590.16746980,11.925,0.028,3.812,11.418,0.032,1.626,,,,,,,2692.3630,70.0640,1709.4091,50.6220,,,,,424.066,548.175,424.545,547.824,,,,,1.0,78,0000,1059,-0.3030596382528370,-0.5813668331053680,0.7550943391570980,213212230,15284476912206
2429148401351059600,2429p484_ac51-059600,242.4675029,49.0336136,2,1,0000,1,2429148410596000072,12417b044,55590.23355820,11.984,0.027,4.167,11.332,0.034,1.553,,,,,,,2550.1360,63.5300,1850.1980,58.7800,,,,,679.565,266.691,677.325,265.246,,,,,0.5,68,0000,1059,-0.3030596382528370,-0.5813668331053680,0.7550943391570980,213212230,15284476912206
2429148401351059600,2429p484_ac51-059600,242.4675029,49.0336136,2,1,0000,1,2429148410596000073,12421b044,55590.36586250,11.920,0.030,3.825,11.408,0.032,1.633,,,,,,,2704.3450,74.4120,1725.3180,51.1740,,,,,751.920,610.698,750.695,608.934,,,,,0.5,59,0000,1059,-0.3030596382528370,-0.5813668331053680,0.7550943391570980,213212230,15284476912206
2429148401351059600,2429p484_ac51-059600,242.4675029,49.0336136,2,1,0000,1,2429148410596000074,12428a019,55590.56425510,11.911,0.027,3.881,11.348,0.030,1.631,,,,,,,2725.3679,67.4210,1822.9189,49.6630,,,,,638.957,625.405,638.487,624.131,,,,,0.5,74,0000,1059,-0.3030596382528370,-0.5813668331053680,0.7550943391570980,213212230,15284476912206
2429148401351059600,2429p484_ac51-059600,242.4675029,49.0336136,2,1,0000,1,2429148410596000075,12429b044,55590.63034360,11.929,0.029,3.813,11.337,0.028,1.496,,,,,,,2682.6169,71.5250,1841.8080,47.3280,,,,,898.202,340.378,894.879,337.993,,,,,1.0,86,0000,1059,-0.3030596382528370,-0.5813668331053680,0.7550943391570980,213212230,15284476912206
2429148401351059600,2429p484_ac51-059600,242.4675029,49.0336136,2,1,0000,1,2429148410596000076,12432a019,55590.69643210,11.887,0.031,4.074,11.304,0.031,1.549,,,,,,,2787.2070,78.9070,1898.0920,53.6380,,,,,717.899,49.578,714.517,47.937,,,,,0.5,99,0000,1059,-0.3030596382528370,-0.5813668331053680,0.7550943391570980,213212230,15284476912206
2429148401351059600,2429p484_ac51-059600,242.4675029,49.0336136,2,1,0000,1,2429148410596000077,12432a020,55590.69655940,11.847,0.029,3.822,11.431,0.043,1.677,,,,,,,2892.1479,76.4040,1689.6121,66.1900,,,,,713.112,963.409,713.753,961.911,,,,,0.5,99,0000,1059,-0.3030596382528370,-0.5813668331053680,0.7550943391570980,213212230,15284476912206
2429148401351059600,2429p484_ac51-059600,242.4675029,49.0336136,2,1,0000,1,2429148410596000078,12433b044,55590.76264790,11.887,0.027,3.778,11.344,0.030,1.503,,,,,,,2787.7419,69.9080,1829.5000,50.1350,,,,,969.776,682.267,967.564,679.583,,,,,1.0,114,0000,1059,-0.3030596382528370,-0.5813668331053680,0.7550943391570980,213212230,15284476912206
2429148401351059600,2429p484_ac51-059600,242.4675029,49.0336136,2,1,0000,1,2429148410596000079,12436a019,55590.82873630,12.011,0.028,4.052,11.413,0.032,1.634,,,,,,,2487.3169,65.0530,1716.6010,49.9620,,,,,787.045,402.529,784.695,400.614,,,,,0.5,127,0000,1059,-0.3030596382528370,-0.5813668331053680,0.7550943391570980,213212230,15284476912206
2429148401351059600,2429p484_ac51-059600,242.4675029,49.0336136,2,1,0000,1,2429148410596000056,12317b046,55586.92709930,11.899,0.025,3.766,11.365,0.034,1.574,,,,,,,2756.2000,64.0340,1794.1570,55.5330,,,,,217.313,269.374,217.835,269.963,,,,,1.0,115,0000,1059,-0.3030596382528370,-0.5813668331053680,0.7550943391570980,213212230,15284476912206
2429148401351059600,2429p484_ac51-059600,242.4675029,49.0336136,2,1,0000,1,2429148410596000057,12320a022,55586.99331510,12.029,0.038,4.132,11.297,0.028,1.604,,,,,,,2445.8701,85.5020,1911.3270,49.8950,,,,,35.902,896.772,40.188,898.095,,,,,1.0,102,0000,1059,-0.3030596382528370,-0.5813668331053680,0.7550943391570980,213212230,15284476912206
2429148401351059600,2429p484_ac51-059600,242.4675029,49.0336136,2,1,0000,1,2429148410596000058,12325b047,55587.19170790,11.921,0.030,3.789,11.346,0.030,1.489,,,,,,,2700.9851,74.0530,1826.5890,50.5850,,,,,362.778,909.434,365.163,909.363,,,,,0.5,75,0000,1059,-0.3030596382528370,-0.5813668331053680,0.7550943391570980,213212230,15284476912206
2429148401351059600,2429p484_ac51-059600,242.4675029,49.0336136,2,1,0000,1,2429148410596000059,12328a022,55587.25779630,11.898,0.027,3.787,11.327,0.033,1.472,,,,,,,2758.5020,68.5970,1858.4830,55.8780,,,,,362.075,620.255,363.218,620.170,,,,,0.5,66,0000,1059,-0.3030596382528370,-0.5813668331053680,0.7550943391570980,213212230,15284476912206
2429148401351059600,2429p484_ac51-059600,242.4675029,49.0336136,2,1,0000,1,2429148410596000060,12381b043,55589.04320190,11.743,0.032,4.280,11.387,0.031,1.742,,,,,,,3183.6750,93.5470,1759.2190,50.1130,,,,,20.941,25.163,21.381,26.672,,,,,0.5,93,0000,1059,-0.3030596382528370,-0.5813668331053680,0.7550943391570980,213212230,15284476912206
2429148401351059600,2429p484_ac51-059600,242.4675029,49.0336136,2,1,0000,1,2429148410596000061,12381b044,55589.04332920,11.817,0.040,3.877,11.310,0.031,1.475,,,,,,,2973.2251,109.4230,1887.4530,54.7560,,,,,19.172,939.846,23.738,941.319,,,,,0.5,93,0000,1059,-0.3030596382528370,-0.5813668331053680,0.7550943391570980,213212230,15284476912206
2429148401351059600,2429p484_ac51-059600,242.4675029,49.0336136,2,1,0000,1,2429148410596000062,12385b044,55589.17550620,11.855,0.026,3.780,11.271,0.028,1.535,,,,,,,2871.8220,68.7700,1957.7950,49.8350,,,,,88.695,349.017,90.285,350.187,,,,,1.0,77,0000,1059,-0.3030596382528370,-0.5813668331053680,0.7550943391570980,213212230,15284476912206
2429148401351059600,2429p484_ac51-059600,242.4675029,49.0336136,2,1,0000,1,2429148410596000063,12389b044,55589.30781040,11.874,0.028,3.781,11.349,0.032,1.507,,,,,,,2820.8450,72.5150,1821.1630,53.2050,,,,,162.859,686.268,165.461,687.037,,,,,1.0,60,0000,1059,-0.3030596382528370,-0.5813668331053680,0.7550943391570980,213212230,15284476912206
2429148401351059600,2429p484_ac51-059600,242.4675029,49.0336136,2,1,0000,1,2429148410596000064,12396a019,55589.50620320,11.873,0.026,3.770,11.338,0.034,1.514,,,,,,,2823.2400,67.4810,1839.3490,56.8420,,,,,54.965,714.328,58.319,715.610,,,,,1.0,66,0000,1059,-0.3030596382528370,-0.5813668331053680,0.7550943391570980,213212230,15284476912206
2429148401351059600,2429p484_ac51-059600,242.4675029,49.0336136,2,1,0000,1,2429148410596000065,12397b044,55589.57229160,11.991,0.028,4.033,11.376,0.034,1.599,,,,,,,2531.9771,64.3190,1776.4470,54.8330,,,,,311.997,406.936,312.547,407.085,,,,,0.5,76,0000,1059,-0.3030596382528370,-0.5813668331053680,0.7550943391570980,213212230,15284476912206
2429148401351059600,2429p484_ac51-059600,242.4675029,49.0336136,2,1,0000,1,2429148410596000029,06750a260,55402.86182240,11.808,0.041,3.963,11.238,0.042,1.566,8.622,0.075,1.033,6.403,0.265,0.985,2996.5459,111.9650,2017.9050,77.3680,5638.7969,390.4680,435.1640,106.3540,638.861,908.631,639.692,907.402,642.837,904.059,319.064,452.323,1.0,60,0000,1059,-0.3030596382528370,-0.5813668331053680,0.7550943391570980,213212230,15284476912206
2429148401351059600,2429p484_ac51-059600,242.4675029,49.0336136,2,1,0000,1,2429148410596000017,01344a021,55223.98505990,11.943,0.050,3.891,11.290,0.049,1.478,8.657,0.074,1.021,6.150,0.193,1.018,2646.0779,121.6860,1923.2900,87.0100,5458.6362,370.3930,549.7530,97.7490,678.059,201.443,675.597,199.986,675.118,199.917,338.628,102.512,1.0,103,0000,1059,-0.3030596382528370,-0.5813668331053680,0.7550943391570980,213212230,15284476912206
2429148401351059600,2429p484_ac51-059600,242.4675029,49.0336136,2,1,0000,1,2429148410596000016,01341b047,55223.91897150,11.904,0.045,3.825,11.331,0.054,1.617,8.769,0.069,1.029,6.991,0.489,1.037,2743.5740,112.4730,1851.6210,92.7700,4926.4092,315.2350,253.3950,114.1460,858.099,776.887,857.039,774.687,860.795,770.928,428.633,387.092,1.0,116,0000,1059,-0.3030596382528370,-0.5813668331053680,0.7550943391570980,213212230,15284476912206
2429148401351059600,2429p484_ac51-059600,242.4675029,49.0336136,2,1,0000,1,2429148410596000019,01349b046,55224.18358000,11.945,0.046,3.851,11.349,0.043,1.489,8.650,0.062,1.017,6.250,0.196,0.992,2641.4490,112.7070,1821.5210,71.3410,5494.8608,312.5510,501.3710,90.4570,1003.707,303.760,999.574,300.904,1001.531,298.817,501.231,153.036,1.0,76,0000,1059,-0.3030596382528370,-0.5813668331053680,0.7550943391570980,213212230,15284476912206
2429148401351059600,2429p484_ac51-059600,242.4675029,49.0336136,2,1,0000,1,2429148410596000020,01352a022,55224.24979590,11.890,0.043,3.764,11.377,0.053,1.531,8.723,0.069,1.013,6.392,0.239,0.993,2779.5730,109.3390,1774.8040,87.2720,5137.5542,328.0270,439.5860,96.9520,823.372,644.726,821.904,642.651,824.712,639.684,411.238,321.711,1.0,66,0000,1059,-0.3030596382528370,-0.5813668331053680,0.7550943391570980,213212230,15284476912206
2429148401351059600,2429p484_ac51-059600,242.4675029,49.0336136,2,1,0000,1,2429148410596000021,01356a021,55224.38210020,11.902,0.042,3.882,11.418,0.046,1.714,8.764,0.078,1.107,6.935,0.387,1.023,2748.2949,105.1520,1709.0630,72.1400,4949.4590,357.7660,266.5660,95.0420,897.044,426.954,894.139,424.550,896.178,422.314,447.996,213.975,1.0,60,0000,1059,-0.3030596382528370,-0.5813668331053680,0.7550943391570980,213212230,15284476912206
2429148401351059600,2429p484_ac51-059600,242.4675029,49.0336136,2,1,0000,1,2429148410596000025,06742a259,55402.59721490,11.864,0.027,3.888,11.225,0.026,1.657,,,,,,,2847.6819,71.7750,2042.6360,49.6590,,,,,775.718,754.892,775.042,753.040,,,,,1.0,80,0000,1059,-0.3030596382528370,-0.5813668331053680,0.7550943391570980,213212230,15284476912206
2429148401351059600,2429p484_ac51-059600,242.4675029,49.0336136,2,1,0000,1,2429148410596000022,06731a206,55402.20030360,11.814,0.041,3.958,11.250,0.044,1.553,8.758,0.067,1.152,6.430,0.322,1.049,2981.3560,113.4320,1994.4280,81.0950,4975.4150,308.9440,424.6680,125.7960,977.174,572.747,974.416,570.004,977.751,566.657,488.069,286.082,1.0,112,0000,1059,-0.3030596382528370,-0.5813668331053680,0.7550943391570980,213212230,15284476912206
2429148401351059600,2429p484_ac51-059600,242.4675029,49.0336136,2,1,0000,1,2429148410596000023,06734a259,55402.33260730,11.789,0.051,4.052,11.250,0.056,1.536,8.712,0.070,1.028,6.654,0.342,0.992,3049.9519,143.3030,1995.2700,103.0890,5191.7402,334.0370,345.5520,108.8430,909.904,649.437,907.925,646.990,911.287,643.588,454.481,324.029,1.0,123,0000,1059,-0.3030596382528370,-0.5813668331053680,0.7550943391570980,213212230,15284476912206
2429148401351059600,2429p484_ac51-059600,242.4675029,49.0336136,2,1,0000,1,2429148410596000024,06739a191,55402.46491110,11.846,0.042,3.800,11.257,0.053,1.526,8.808,0.074,1.150,5.990,0.175,1.049,2893.6270,111.2020,1982.5330,96.7080,4750.0400,322.6200,636.8930,102.7030,842.721,708.949,841.431,706.801,844.715,703.429,420.921,353.485,1.0,96,0000,1059,-0.3030596382528370,-0.5813668331053680,0.7550943391570980,213212230,15284476912206
2429148401351059600,2429p484_ac51-059600,242.4675029,49.0336136,2,1,0000,1,2429148410596000026,06745a235,55402.66330310,11.868,0.043,3.832,11.275,0.044,1.493,8.835,0.073,1.088,6.118,0.182,1.024,2836.7319,113.1350,1950.0450,79.8320,4633.0972,312.0930,566.2080,94.9700,961.647,333.005,957.912,330.327,959.796,328.267,480.240,167.508,1.0,70,0000,1059,-0.3030596382528370,-0.5813668331053680,0.7550943391570980,213212230,15284476912206
2429148401351059600,2429p484_ac51-059600,242.4675029,49.0336136,2,1,0000,1,2429148410596000027,06746a260,55402.72951860,11.863,0.050,3.785,11.219,0.042,1.625,8.640,0.068,1.051,6.368,0.299,0.979,2850.3479,130.3630,2053.5020,80.2230,5545.8862,348.5850,449.6760,123.6420,707.029,831.361,707.112,829.821,710.245,826.515,353.125,414.079,1.0,62,0000,1059,-0.3030596382528370,-0.5813668331053680,0.7550943391570980,213212230,15284476912206
2429148401351059600,2429p484_ac51-059600,242.4675029,49.0336136,2,1,0000,1,2429148410596000001,01301b046,55222.59554650,11.900,0.048,3.904,11.365,0.050,1.624,8.504,0.061,1.237,6.281,0.204,0.978,2753.8159,121.3020,1794.0959,82.3760,6286.5352,350.4430,487.1400,91.3430,37.064,352.771,39.008,354.191,35.657,356.129,18.515,177.481,1.0,79,0000,1059,-0.3030596382528370,-0.5813668331053680,0.7550943391570980,213212230,15284476912206
2429148401351059600,2429p484_ac51-059600,242.4675029,49.0336136,2,1,0000,1,2429148410596000002,01305b046,55222.72785070,11.883,0.042,3.897,11.404,0.049,1.674,8.473,0.057,1.257,6.026,0.175,1.041,2796.6621,108.1670,1731.4709,77.7050,6468.3071,338.6570,616.0350,99.4810,121.599,129.195,122.070,130.230,118.063,132.981,60.775,66.943,1.0,106,0000,1059,-0.3030596382528370,-0.5813668331053680,0.7550943391570980,213212230,15284476912206
2429148401351059600,2429p484_ac51-059600,242.4675029,49.0336136,2,1,0000,1,2429148410596000003,01309b047,55222.86028240,11.861,0.040,3.811,11.336,0.041,1.761,8.703,0.072,1.063,6.407,0.383,0.989,2853.8589,104.7900,1843.4380,70.1620,5232.2949,348.1040,433.8440,153.0120,202.045,823.668,205.045,824.254,205.105,823.323,100.793,410.322,1.0,129,0000,1059,-0.3030596382528370,-0.5813668331053680,0.7550943391570980,213212230,15284476912206
2429148401351059600,2429p484_ac51-059600,242.4675029,49.0336136,2,1,0000,1,2429148410596000004,01312a021,55222.92637080,11.897,0.040,3.855,11.299,0.043,1.485,8.609,0.058,1.070,5.986,0.195,1.039,2761.4839,102.6330,1907.7230,75.5180,5704.5400,304.9770,638.8950,114.4580,23.002,253.639,24.578,255.138,20.670,257.648,11.533,128.484,1.0,115,0000,1059,-0.3030596382528370,-0.5813668331053680,0.7550943391570980,213212230,15284476912206
2429148401351059600,2429p484_ac51-059600,242.4675029,49.0336136,2,1,0000,1,2429148410596000005,01313b046,55222.99258670,11.888,0.039,3.767,11.326,0.046,1.473,8.576,0.058,1.067,6.587,0.309,0.987,2783.9951,100.6660,1860.7240,78.4090,5883.0918,313.7560,367.4150,104.4370,284.612,582.328,286.102,582.590,285.379,582.369,142.073,290.949,1.0,102,0000,1059,-0.3030596382528370,-0.5813668331053680,0.7550943391570980,213212230,15284476912206
2429148401351059600,2429p484_ac51-059600,242.4675029,49.0336136,2,1,0000,1,2429148410596000006,01316a021,55223.05867520,11.917,0.056,3.862,11.385,0.053,1.709,8.568,0.064,1.076,6.287,0.242,1.009,2710.1970,139.1910,1761.4220,85.2850,5928.9771,351.4050,484.5180,108.1550,106.357,9.541,106.337,10.618,101.679,14.097,53.199,7.795,1.0,91,0000,1059,-0.3030596382528370,-0.5813668331053680,0.7550943391570980,213212230,15284476912206
2429148401351059600,2429p484_ac51-059600,242.4675029,49.0336136,2,1,0000,1,2429148410596000007,01316a022,55223.05880250,11.930,0.043,3.897,11.328,0.046,1.624,8.687,0.077,1.010,6.682,0.376,1.016,2678.6509,107.2550,1856.8970,78.3670,5313.0781,375.0300,336.7650,116.5610,102.708,923.292,106.710,924.293,106.646,923.420,51.125,459.618,1.0,91,0000,1059,-0.3030596382528370,-0.5813668331053680,0.7550943391570980,213212230,15284476912206
2429148401351059600,2429p484_ac51-059600,242.4675029,49.0336136,2,1,0000,1,2429148410596000008,01321b046,55223.25719530,11.893,0.040,4.034,11.409,0.044,1.647,8.721,0.063,1.019,6.524,0.350,0.987,2772.9590,103.2450,1724.0570,70.1600,5146.2920,299.4170,389.5550,125.4590,452.380,108.181,450.894,107.714,448.602,109.143,225.938,56.464,1.0,65,0000,1059,-0.3030596382528370,-0.5813668331053680,0.7550943391570980,213212230,15284476912206
2429148401351059600,2429p484_ac51-059600,242.4675029,49.0336136,2,1,0000,1,2429148410596000009,01324a021,55223.32341110,11.908,0.044,3.796,11.267,0.044,1.512,8.614,0.060,1.096,6.661,0.310,0.994,2733.3701,111.1500,1963.8910,78.8380,5678.2368,311.3930,343.0890,97.9130,272.395,453.576,273.412,453.912,271.929,454.359,135.989,227.284,1.0,60,0000,1059,-0.3030596382528370,-0.5813668331053680,0.7550943391570980,213212230,15284476912206
2429148401351059600,2429p484_ac51-059600,242.4675029,49.0336136,2,1,0000,1,2429148410596000010,01325b047,55223.38962690,11.923,0.043,3.797,11.305,0.041,1.474,8.646,0.063,1.019,6.395,0.256,0.981,2696.9080,105.7830,1897.0330,71.7660,5516.1338,320.9290,438.4850,103.4130,531.465,798.874,532.431,798.071,534.332,795.742,265.391,398.035,1.0,60,0000,1059,-0.3030596382528370,-0.5813668331053680,0.7550943391570980,213212230,15284476912206
2429148401351059600,2429p484_ac51-059600,242.4675029,49.0336136,2,1,0000,1,2429148410596000011,01332a022,55223.58814710,11.916,0.044,3.787,11.358,0.045,1.510,8.650,0.069,1.030,6.238,0.321,0.999,2714.6069,111.0380,1806.5500,75.4960,5497.1719,351.0700,506.5290,149.9800,436.742,881.350,438.622,880.954,440.406,878.691,218.061,438.848,1.0,78,0000,1059,-0.3030596382528370,-0.5813668331053680,0.7550943391570980,213212230,15284476912206
2429148401351059600,2429p484_ac51-059600,242.4675029,49.0336136,2,1,0000,1,2429148410596000012,01333b046,55223.65423550,11.913,0.050,3.786,11.267,0.050,1.504,8.704,0.067,1.035,6.344,0.218,0.985,2721.9470,124.4530,1963.7620,90.5210,5227.1812,324.6700,459.4680,92.4650,702.899,307.228,700.716,305.668,700.955,304.940,351.022,154.819,1.0,90,0000,1059,-0.3030596382528370,-0.5813668331053680,0.7550943391570980,213212230,15284476912206
2429148401351059600,2429p484_ac51-059600,242.4675029,49.0336136,2,1,0000,1,2429148410596000013,01336a022,55223.72045130,11.907,0.045,3.832,11.295,0.045,1.477,8.611,0.064,1.040,6.290,0.356,0.988,2735.6831,113.4460,1913.9670,80.1790,5695.1982,338.1820,483.1280,158.4380,520.796,655.836,521.200,655.069,522.259,653.455,260.053,327.279,1.0,104,0000,1059,-0.3030596382528370,-0.5813668331053680,0.7550943391570980,213212230,15284476912206
2429148401351059600,2429p484_ac51-059600,242.4675029,49.0336136,2,1,0000,1,2429148410596000014,01337b046,55223.78653980,11.937,0.049,3.867,11.341,0.046,1.546,8.720,0.087,1.018,6.138,0.187,0.997,2661.4800,120.8800,1835.0020,77.6290,5152.4658,412.6750,555.5330,95.5670,786.723,95.304,783.153,93.355,782.734,93.355,392.905,49.986,1.0,118,0000,1059,-0.3030596382528370,-0.5813668331053680,0.7550943391570980,213212230,15284476912206
2429148401351059600,2429p484_ac51-059600,242.4675029,49.0336136,2,1,0000,1,2429148410596000015,01340a021,55223.85275560,11.939,0.044,3.870,11.372,0.046,1.539,8.773,0.085,1.051,6.253,0.243,0.987,2658.1140,107.8220,1783.2230,76.2140,4906.3462,385.0060,499.9650,111.6830,605.446,441.504,604.425,440.372,604.818,439.411,302.340,221.252,0.5,130,0000,1059,-0.3030596382528370,-0.5813668331053680,0.7550943391570980,213212230,15284476912206
2429148401351059600,2429p484_ac51-059600,242.4675029,49.0336136,2,1,0000,1,2429148410596000018,01345b046,55224.05127570,11.969,0.042,3.954,11.379,0.042,1.534,8.709,0.068,1.016,6.473,0.246,1.067,2584.5071,99.1630,1771.6260,68.0690,5204.8999,326.5270,408.1090,92.4660,934.087,540.377,931.455,537.818,934.347,534.841,466.531,270.069,1.0,92,0000,1059,-0.3030596382528370,-0.5813668331053680,0.7550943391570980,213212230,15284476912206
2429148401351059601,2429p484_ac51-059601,242.4674850,49.0347948,2,1,0d00,1,2429148410596010051,06793a235,55404.25082130,14.084,0.303,3.882,13.630,0.372,1.712,10.184,,1.061,7.212,,0.990,368.3180,102.9420,222.7450,76.4000,662.7370,337.5040,23.6560,91.4450,145.068,255.236,145.973,256.169,142.723,258.157,72.462,129.237,1.0,123,0000,1059,-0.3030526239881410,-0.5813529343778320,0.7551078550671990,213212230,15284476957636
2429148401351059601,2429p484_ac51-059601,242.4674850,49.0347948,2,1,0d00,1,2429148410596010052,06797a235,55404.38312510,14.090,0.309,3.783,13.721,0.383,1.503,10.536,0.345,1.038,7.365,,1.021,366.5330,104.2520,204.8420,72.2490,967.0860,307.2580,-31.5030,89.7040,73.665,321.010,75.263,322.268,71.954,324.219,36.800,161.765,1.0,112,0000,1059,-0.3030526239881410,-0.5813529343778320,0.7551078550671990,213212230,15284476957636
2429148401351059601,2429p484_ac51-059601,242.4674850,49.0347948,2,1,0d00,1,2429148410596010053,06801a199,55404.51542890,14.152,0.316,3.874,13.529,0.316,1.513,10.235,,1.031,7.306,,0.998,345.9650,100.8540,244.5630,71.1680,593.5520,341.5600,5.1590,92.1910,10.215,363.320,12.359,364.868,8.905,366.874,5.115,182.694,1.0,88,0000,1059,-0.3030526239881410,-0.5813529343778320,0.7551078550671990,213212230,15284476957636
2429148401351059601,2429p484_ac51-059601,242.4674850,49.0347948,2,1,0d00,1,2429148410596010054,12309b047,55586.66261800,13.828,0.079,3.812,13.221,0.101,1.629,,,,,,,466.3430,33.8450,324.9210,30.1590,,,,,70.729,513.248,73.137,514.477,,,,,1.0,92,0000,1059,-0.3030526239881410,-0.5813529343778320,0.7551078550671990,213212230,15284476957636
2429148401351059601,2429p484_ac51-059601,242.4674850,49.0347948,2,1,0d00,1,2429148410596010055,12313b047,55586.79492230,14.337,0.141,3.959,13.599,0.140,1.493,,,,,,,291.8430,37.8670,229.2480,29.5990,,,,,144.233,857.724,147.678,858.563,,,,,1.0,120,0000,1059,-0.3030526239881410,-0.5813529343778320,0.7551078550671990,213212230,15284476957636
2429148401351059601,2429p484_ac51-059601,242.4674850,49.0347948,2,1,0d00,1,2429148410596010056,12317b046,55586.92709930,13.965,0.098,3.766,13.640,0.194,1.574,,,,,,,411.1790,37.0380,220.8440,39.5210,,,,,218.070,270.723,218.593,271.308,,,,,1.0,115,0000,1059,-0.3030526239881410,-0.5813529343778320,0.7551078550671990,213212230,15284476957636
2429148401351059601,2429p484_ac51-059601,242.4674850,49.0347948,2,1,0d00,1,2429148410596010057,12320a022,55586.99331510,13.808,0.126,4.132,14.011,0.216,1.604,,,,,,,474.9310,55.1300,156.9370,31.2380,,,,,36.680,898.117,40.966,899.436,,,,,1.0,102,0000,1059,-0.3030526239881410,-0.5813529343778320,0.7551078550671990,213212230,15284476957636
2429148401351059601,2429p484_ac51-059601,242.4674850,49.0347948,2,1,0d00,1,2429148410596010058,12325b047,55587.19170790,13.886,0.094,3.789,13.487,0.148,1.489,,,,,,,442.0940,38.2820,254.3100,34.7230,,,,,363.542,910.788,365.929,910.714,,,,,0.5,75,0000,1059,-0.3030526239881410,-0.5813529343778320,0.7551078550671990,213212230,15284476957636
2429148401351059601,2429p484_ac51-059601,242.4674850,49.0347948,2,1,0d00,1,2429148410596010059,12328a022,55587.25779630,13.842,0.106,3.787,13.458,0.161,1.472,,,,,,,460.6390,45.1710,261.0530,38.7120,,,,,362.833,621.607,363.977,621.519,,,,,0.5,66,0000,1059,-0.3030526239881410,-0.5813529343778320,0.7551078550671990,213212230,15284476957636
2429148401351059601,2429p484_ac51-059601,242.4674850,49.0347948,2,1,0d00,1,2429148410596010060,12381b043,55589.04320190,14.527,0.201,4.280,13.010,0.101,1.742,,,,,,,244.9670,45.3920,394.4170,36.6240,,,,,21.699,26.509,22.143,28.015,,,,,0.5,93,0000,1059,-0.3030526239881410,-0.5813529343778320,0.7551078550671990,213212230,15284476957636
2429148401351059601,2429p484_ac51-059601,242.4674850,49.0347948,2,1,0d00,1,2429148410596010061,12381b044,55589.04332920,13.942,0.103,3.877,13.589,0.178,1.475,,,,,,,419.8490,40.0000,231.4470,37.8900,,,,,19.951,941.191,24.518,942.660,,,,,0.5,93,0000,1059,-0.3030526239881410,-0.5813529343778320,0.7551078550671990,213212230,15284476957636
2429148401351059601,2429p484_ac51-059601,242.4674850,49.0347948,2,1,0d00,1,2429148410596010062,12385b044,55589.17550620,13.952,0.133,3.780,13.854,0.176,1.535,,,,,,,416.2300,51.0270,181.3590,29.3660,,,,,89.458,350.362,91.050,351.527,,,,,1.0,77,0000,1059,-0.3030526239881410,-0.5813529343778320,0.7551078550671990,213212230,15284476957636
2429148401351059601,2429p484_ac51-059601,242.4674850,49.0347948,2,1,0d00,1,2429148410596010063,12389b044,55589.30781040,14.083,0.105,3.781,13.297,0.116,1.507,,,,,,,368.9270,35.7240,302.7960,32.2320,,,,,163.626,687.614,166.230,688.380,,,,,1.0,60,0000,1059,-0.3030526239881410,-0.5813529343778320,0.7551078550671990,213212230,15284476957636
2429148401351059601,2429p484_ac51-059601,242.4674850,49.0347948,2,1,0d00,1,2429148410596010064,12396a019,55589.50620320,13.912,0.087,3.770,13.639,0.188,1.514,,,,,,,431.9030,34.5630,221.0790,38.2990,,,,,55.737,715.671,59.093,716.950,,,,,1.0,66,0000,1059,-0.3030526239881410,-0.5813529343778320,0.7551078550671990,213212230,15284476957636
2429148401351059601,2429p484_ac51-059601,242.4674850,49.0347948,2,1,0d00,1,2429148410596010065,12397b044,55589.57229160,13.675,0.077,4.033,13.627,0.174,1.599,,,,,,,536.8480,37.9930,223.4490,35.8300,,,,,312.753,408.287,313.304,408.432,,,,,0.5,76,0000,1059,-0.3030526239881410,-0.5813529343778320,0.7551078550671990,213212230,15284476957636
2429148401351059601,2429p484_ac51-059601,242.4674850,49.0347948,2,1,0d00,1,2429148410596010066,12400a019,55589.63838000,14.175,0.110,3.820,13.490,0.137,1.469,,,,,,,338.7860,34.3680,253.6030,31.8940,,,,,130.938,128.088,131.316,129.081,,,,,1.0,87,0000,1059,-0.3030526239881410,-0.5813529343778320,0.7551078550671990,213212230,15284476957636
2429148401351059601,2429p484_ac51-059601,242.4674850,49.0347948,2,1,0d00,1,2429148410596010067,12401b044,55589.70459590,13.666,0.077,3.977,13.405,0.139,1.552,,,,,,,541.6720,38.5130,274.1330,35.0790,,,,,385.927,753.249,387.515,753.054,,,,,0.5,101,0000,1059,-0.3030526239881410,-0.5813529343778320,0.7551078550671990,213212230,15284476957636
2429148401351059601,2429p484_ac51-059601,242.4674850,49.0347948,2,1,0d00,1,2429148410596010068,12404a019,55589.77068430,13.858,0.109,3.835,13.586,0.158,1.530,,,,,,,453.8580,45.7280,231.9850,33.7090,,,,,200.676,476.336,202.164,476.964,,,,,1.0,115,0000,1059,-0.3030526239881410,-0.5813529343778320,0.7551078550671990,213212230,15284476957636
2429148401351059601,2429p484_ac51-059601,242.4674850,49.0347948,2,1,0d00,1,2429148410596010069,12405b043,55589.83677280,14.048,0.114,3.843,13.588,0.140,1.474,,,,,,,380.9430,40.0280,231.5790,29.7860,,,,,461.582,190.024,460.351,189.539,,,,,1.0,128,0000,1059,-0.3030526239881410,-0.5813529343778320,0.7551078550671990,213212230,15284476957636
2429148401351059601,2429p484_ac51-059601,242.4674850,49.0347948,2,1,0d00,1,2429148410596010070,12412a019,55590.03516560,13.799,0.085,3.876,13.247,0.102,1.717,,,,,,,478.9950,37.6290,317.0520,29.7930,,,,,352.840,231.092,352.419,231.084,,,,,0.5,94,0000,1059,-0.3030526239881410,-0.5813529343778320,0.7551078550671990,213212230,15284476957636
2429148401351059601,2429p484_ac51-059601,242.4674850,49.0347948,2,1,0d00,1,2429148410596010071,12416a019,55590.16746980,13.817,0.099,3.812,13.245,0.121,1.626,,,,,,,470.9890,42.9750,317.6330,35.3790,,,,,424.820,549.529,425.301,549.174,,,,,1.0,78,0000,1059,-0.3030526239881410,-0.5813529343778320,0.7551078550671990,213212230,15284476957636
2429148401351059601,2429p484_ac51-059601,242.4674850,49.0347948,2,1,0d00,1,2429148410596010072,12417b044,55590.23355820,13.570,0.066,4.167,13.214,0.137,1.553,,,,,,,591.7120,35.7960,326.7690,41.2660,,,,,680.303,268.053,678.063,266.605,,,,,0.5,68,0000,1059,-0.3030526239881410,-0.5813529343778320,0.7551078550671990,213212230,15284476957636
2429148401351059601,2429p484_ac51-059601,242.4674850,49.0347948,2,1,0d00,1,2429148410596010073,12421b044,55590.36586250,13.786,0.090,3.825,13.149,0.112,1.633,,,,,,,484.7670,40.0680,347.1720,35.6670,,,,,752.660,612.061,751.437,610.294,,,,,0.5,59,0000,1059,-0.3030526239881410,-0.5813529343778320,0.7551078550671990,213212230,15284476957636
2429148401351059601,2429p484_ac51-059601,242.4674850,49.0347948,2,1,0d00,1,2429148410596010074,12428a019,55590.56425510,13.723,0.088,3.881,13.113,0.095,1.631,,,,,,,513.7070,41.7330,358.7510,31.2860,,,,,639.703,626.765,639.234,625.488,,,,,0.5,74,0000,1059,-0.3030526239881410,-0.5813529343778320,0.7551078550671990,213212230,15284476957636
2429148401351059601,2429p484_ac51-059601,242.4674850,49.0347948,2,1,0d00,1,2429148410596010075,12429b044,55590.63034360,13.827,0.091,3.813,13.322,0.107,1.496,,,,,,,467.0730,39.3510,295.8930,29.0630,,,,,898.930,341.746,895.608,339.357,,,,,1.0,86,0000,1059,-0.3030526239881410,-0.5813529343778320,0.7551078550671990,213212230,15284476957636
2429148401351059601,2429p484_ac51-059601,242.4674850,49.0347948,2,1,0d00,1,2429148410596010076,12432a019,55590.69643210,13.626,0.078,4.074,13.270,0.114,1.549,,,,,,,561.8020,40.1800,310.5210,32.6360,,,,,718.630,50.943,715.249,49.298,,,,,0.5,99,0000,1059,-0.3030526239881410,-0.5813529343778320,0.7551078550671990,213212230,15284476957636
2429148401351059601,2429p484_ac51-059601,242.4674850,49.0347948,2,1,0d00,1,2429148410596010077,12432a020,55590.69655940,13.885,0.105,3.822,13.161,0.132,1.677,,,,,,,442.7000,42.7860,343.2690,41.7370,,,,,713.861,964.773,714.505,963.273,,,,,0.5,99,0000,1059,-0.3030526239881410,-0.5813529343778320,0.7551078550671990,213212230,15284476957636
2429148401351059601,2429p484_ac51-059601,242.4674850,49.0347948,2,1,0d00,1,2429148410596010078,12433b044,55590.76264790,13.867,0.082,3.778,13.304,0.109,1.503,,,,,,,450.0450,33.9810,300.9570,30.3460,,,,,970.507,683.636,968.298,680.949,,,,,1.0,114,0000,1059,-0.3030526239881410,-0.5813529343778320,0.7551078550671990,213212230,15284476957636
2429148401351059601,2429p484_ac51-059601,242.4674850,49.0347948,2,1,0d00,1,2429148410596010079,12436a019,55590.82873630,13.751,0.068,4.052,13.169,0.106,1.634,,,,,,,500.5640,31.2360,340.8620,33.3690,,,,,787.780,403.893,785.432,401.975,,,,,0.5,127,0000,1059,-0.3030526239881410,-0.5813529343778320,0.7551078550671990,213212230,15284476957636
2429148401351059601,2429p484_ac51-059601,242.4674850,49.0347948,2,1,0d00,1,2429148410596010080,12440a019,55590.96104060,14.009,0.108,3.763,12.991,0.147,1.784,,,,,,,394.6560,39.1100,401.5860,54.4130,,,,,862.263,735.174,860.947,732.946,,,,,1.0,107,0000,1059,-0.3030526239881410,-0.5813529343778320,0.7551078550671990,213212230,15284476957636
2429148401351059601,2429p484_ac51-059601,242.4674850,49.0347948,2,1,0d00,1,2429148410596010001,01301b046,55222.59554650,14.223,0.347,3.904,13.740,0.362,1.624,10.980,,1.237,7.102,,0.978,324.2640,103.7780,201.4240,67.0850,-429.9340,321.2440,44.1820,92.2120,37.829,354.114,39.774,355.531,36.433,357.459,18.896,178.145,1.0,79,0000,1059,-0.3030526239881410,-0.5813529343778320,0.7551078550671990,213212230,15284476957636
2429148401351059601,2429p484_ac51-059601,242.4674850,49.0347948,2,1,0d00,1,2429148410596010002,01305b046,55222.72785070,14.255,0.299,3.897,13.584,0.300,1.674,10.985,,1.257,7.219,,1.041,314.6490,86.6970,232.4610,64.2190,-390.0620,319.8750,7.4030,98.9620,122.355,130.543,122.828,131.574,118.832,134.315,61.152,67.609,1.0,106,0000,1059,-0.3030526239881410,-0.5813529343778320,0.7551078550671990,213212230,15284476957636
2429148401351059601,2429p484_ac51-059601,242.4674850,49.0347948,2,1,0d00,1,2429148410596010003,01309b047,55222.86028240,14.158,0.237,3.811,14.139,0.422,1.761,10.524,,1.063,6.701,,0.989,344.2140,75.1990,139.4970,54.2340,311.0220,333.5110,29.8650,150.5400,202.813,825.017,205.814,825.600,205.886,824.660,101.176,410.989,1.0,129,0000,1059,-0.3030526239881410,-0.5813529343778320,0.7551078550671990,213212230,15284476957636
2429148401351059601,2429p484_ac51-059601,242.4674850,49.0347948,2,1,0d00,1,2429148410596010019,01349b046,55224.18358000,13.793,0.211,3.851,13.396,0.221,1.489,10.330,,1.017,6.969,,0.992,481.5090,93.7000,276.5130,56.1620,570.1310,299.8040,75.1300,91.7180,1004.428,305.131,1000.296,302.272,1002.264,300.174,501.591,153.714,1.0,76,0000,1059,-0.3030526239881410,-0.5813529343778320,0.7551078550671990,213212230,15284476957636
2429148401351059601,2429p484_ac51-059601,242.4674850,49.0347948,2,1,0d00,1,2429148410596010020,01352a022,55224.24979590,13.914,0.198,3.764,13.313,0.224,1.531,10.784,0.442,1.013,6.714,,0.993,430.9740,78.4580,298.4870,61.4830,769.8440,313.4180,134.7340,96.1490,824.109,646.091,822.643,644.013,825.463,641.037,411.606,322.387,1.0,66,0000,1059,-0.3030526239881410,-0.5813529343778320,0.7551078550671990,213212230,15284476957636
2429148401351059601,2429p484_ac51-059601,242.4674850,49.0347948,2,1,0d00,1,2429148410596010024,06739a191,55402.46491110,14.117,0.258,3.800,13.582,0.311,1.526,10.021,0.218,1.150,7.229,,1.049,357.4420,85.0200,232.9110,66.8080,1554.3420,312.1470,-12.4460,101.7100,841.951,707.601,840.659,705.457,843.931,702.095,420.535,352.818,1.0,96,0000,1059,-0.3030526239881410,-0.5813529343778320,0.7551078550671990,213212230,15284476957636
2429148401351059601,2429p484_ac51-059601,242.4674850,49.0347948,2,1,0d00,1,2429148410596010021,01356a021,55224.38210020,13.726,0.167,3.882,13.056,0.157,1.714,10.152,0.254,1.107,7.118,0.462,1.023,512.2770,78.5640,377.9350,54.6480,1377.6429,322.6660,225.3670,95.9370,897.772,428.322,894.869,425.915,896.920,423.668,448.360,214.651,1.0,60,0000,1059,-0.3030526239881410,-0.5813529343778320,0.7551078550671990,213212230,15284476957636
2429148401351059601,2429p484_ac51-059601,242.4674850,49.0347948,2,1,0d00,1,2429148410596010022,06731a206,55402.20030360,14.360,0.320,3.958,13.527,0.270,1.553,10.069,0.212,1.152,7.022,,1.049,285.7820,84.2860,244.9600,60.8180,1487.4189,290.0520,-36.2000,123.0330,976.401,571.403,973.641,568.663,976.964,565.326,487.682,285.417,1.0,112,0000,1059,-0.3030526239881410,-0.5813529343778320,0.7551078550671990,213212230,15284476957636
2429148401351059601,2429p484_ac51-059601,242.4674850,49.0347948,2,1,0d00,1,2429148410596010023,06734a259,55402.33260730,13.882,0.278,4.052,13.678,0.427,1.536,10.549,0.354,1.028,6.586,,0.992,443.6920,113.7060,213.2240,83.7670,956.0070,311.7710,151.0620,108.3070,909.132,648.091,907.151,645.647,910.501,642.255,454.094,323.363,1.0,123,0000,1059,-0.3030526239881410,-0.5813529343778320,0.7551078550671990,213212230,15284476957636
2429148401351059601,2429p484_ac51-059601,242.4674850,49.0347948,2,1,0d00,1,2429148410596010025,06742a259,55402.59721490,14.277,0.132,3.888,14.110,0.224,1.657,,,,,,,308.5820,37.4890,143.1790,29.5490,,,,,774.949,753.543,774.272,751.694,,,,,1.0,80,0000,1059,-0.3030526239881410,-0.5813529343778320,0.7551078550671990,213212230,15284476957636
2429148401351059601,2429p484_ac51-059601,242.4674850,49.0347948,2,1,0d00,1,2429148410596010026,06745a235,55402.66330310,13.814,0.198,3.832,13.589,0.293,1.493,10.211,0.247,1.088,7.044,,1.024,472.5380,86.2920,231.4410,62.3710,1305.4850,296.6970,50.2810,95.4990,960.879,331.660,957.143,328.985,959.015,326.936,479.857,166.843,1.0,70,0000,1059,-0.3030526239881410,-0.5813529343778320,0.7551078550671990,213212230,15284476957636
2429148401351059601,2429p484_ac51-059601,242.4674850,49.0347948,2,1,0d00,1,2429148410596010027,06746a260,55402.72951860,14.096,0.280,3.785,13.709,0.353,1.625,10.733,0.455,1.051,6.680,,0.979,364.2560,94.0760,207.2270,67.3860,807.0840,337.9140,89.1320,124.0890,706.261,830.010,706.342,828.473,709.464,825.176,352.741,413.410,1.0,62,0000,1059,-0.3030526239881410,-0.5813529343778320,0.7551078550671990,213212230,15284476957636
2429148401351059601,2429p484_ac51-059601,242.4674850,49.0347948,2,1,0d00,1,2429148410596010028,06749a235,55402.79560690,14.088,0.277,3.882,13.504,0.303,1.472,10.459,,1.022,6.640,,1.001,367.1730,93.7560,250.1790,69.7490,419.0250,309.7710,120.4440,114.7770,891.631,411.452,888.689,409.072,890.609,406.932,445.289,206.314,1.0,59,0000,1059,-0.3030526239881410,-0.5813529343778320,0.7551078550671990,213212230,15284476957636
2429148401351059601,2429p484_ac51-059601,242.4674850,49.0347948,2,1,0d00,1,2429148410596010029,06750a260,55402.86182240,14.355,0.323,3.963,13.749,0.334,1.566,10.410,,1.033,7.010,,0.985,287.1740,85.5280,199.7630,61.4950,344.8940,370.5330,35.9490,106.4680,638.094,907.277,638.924,906.051,642.056,902.718,318.681,451.653,1.0,60,0000,1059,-0.3030526239881410,-0.5813529343778320,0.7551078550671990,213212230,15284476957636
2429148401351059601,2429p484_ac51-059601,242.4674850,49.0347948,2,1,0d00,1,2429148410596010030,06753a235,55402.92791070,13.897,0.230,3.815,13.401,0.291,1.576,10.257,0.258,1.103,6.313,,1.033,437.7760,92.8330,275.0950,73.8600,1250.4860,297.3000,228.2970,122.3540,824.493,483.075,822.289,480.986,824.210,478.800,411.764,241.754,1.0,64,0000,1059,-0.3030526239881410,-0.5813529343778320,0.7551078550671990,213212230,15284476957636
2429148401351059601,2429p484_ac51-059601,242.4674850,49.0347948,2,1,0d00,1,2429148410596010031,06754a259,55402.99399890,14.098,0.265,3.872,13.486,0.267,1.513,10.461,,1.043,6.841,,1.022,363.8180,88.7070,254.4620,62.4660,380.0350,328.4410,107.0610,91.8650,575.024,54.024,572.588,52.996,570.710,54.162,287.209,29.639,1.0,72,0000,1059,-0.3030526239881410,-0.5813529343778320,0.7551078550671990,213212230,15284476957636
2429148401351059601,2429p484_ac51-059601,242.4674850,49.0347948,2,1,0d00,1,2429148410596010004,01312a021,55222.92637080,14.169,0.244,3.855,13.662,0.316,1.485,10.919,,1.070,7.102,,1.039,340.7560,76.7220,216.3500,63.0190,97.7150,291.1750,-154.5420,114.3260,23.765,254.983,25.343,256.478,21.445,258.978,11.913,129.148,1.0,115,0000,1059,-0.3030526239881410,-0.5813529343778320,0.7551078550671990,213212230,15284476957636
2429148401351059601,2429p484_ac51-059601,242.4674850,49.0347948,2,1,0d00,1,2429148410596010005,01313b046,55222.99258670,14.014,0.214,3.767,13.514,0.272,1.473,10.701,,1.067,6.670,,0.987,392.8700,77.2780,247.8820,62.0260,223.0410,304.1150,146.6870,96.8330,285.371,583.678,286.863,583.936,286.151,583.706,142.452,291.617,1.0,102,0000,1059,-0.3030526239881410,-0.5813529343778320,0.7551078550671990,213212230,15284476957636
2429148401351059601,2429p484_ac51-059601,242.4674850,49.0347948,2,1,0d00,1,2429148410596010006,01316a021,55223.05867520,14.116,0.309,3.862,13.765,0.405,1.709,10.687,,1.076,7.206,,1.009,357.7690,101.6730,196.7690,73.3640,188.8890,326.5090,-44.9360,103.8590,107.111,10.890,107.094,11.964,102.445,15.432,53.575,8.461,1.0,91,0000,1059,-0.3030526239881410,-0.5813529343778320,0.7551078550671990,213212230,15284476957636
2429148401351059601,2429p484_ac51-059601,242.4674850,49.0347948,2,1,0d00,1,2429148410596010007,01316a022,55223.05880250,14.114,0.235,3.897,13.933,0.397,1.624,11.006,0.530,1.010,7.097,0.534,1.016,358.3270,77.5560,168.5090,61.5670,627.2170,306.4210,229.7610,112.9210,103.482,924.640,107.485,925.637,107.432,924.755,51.511,460.284,1.0,91,0000,1059,-0.3030526239881410,-0.5813529343778320,0.7551078550671990,213212230,15284476957636
2429148401351059601,2429p484_ac51-059601,242.4674850,49.0347948,2,1,0d00,1,2429148410596010008,01321b046,55223.25719530,14.381,0.288,4.034,13.495,0.244,1.647,11.026,0.513,1.019,6.718,,0.987,280.2660,74.2820,252.3690,56.7850,616.0620,290.9080,84.0270,120.8370,453.123,109.538,451.638,109.068,449.357,110.487,226.309,57.135,1.0,65,0000,1059,-0.3030526239881410,-0.5813529343778320,0.7551078550671990,213212230,15284476957636
2429148401351059601,2429p484_ac51-059601,242.4674850,49.0347948,2,1,0d00,1,2429148410596010009,01324a021,55223.32341110,14.034,0.239,3.796,13.736,0.332,1.512,11.021,,1.096,6.696,,0.994,385.9560,84.8280,202.0840,61.7120,-5.8100,309.5360,141.7570,95.2780,273.152,454.926,274.171,455.258,272.699,455.695,136.367,227.951,1.0,60,0000,1059,-0.3030526239881410,-0.5813529343778320,0.7551078550671990,213212230,15284476957636
2429148401351059601,2429p484_ac51-059601,242.4674850,49.0347948,2,1,0d00,1,2429148410596010010,01325b047,55223.38962690,13.958,0.203,3.797,13.462,0.231,1.474,10.349,,1.019,6.763,,0.981,413.7280,77.5410,260.0450,55.4480,520.9500,314.2630,107.6320,102.4110,532.218,800.233,533.186,799.426,535.099,797.088,265.767,398.707,1.0,60,0000,1059,-0.3030526239881410,-0.5813529343778320,0.7551078550671990,213212230,15284476957636
2429148401351059601,2429p484_ac51-059601,242.4674850,49.0347948,2,1,0d00,1,2429148410596010011,01332a022,55223.58814710,13.864,0.198,3.787,13.501,0.259,1.510,10.515,,1.030,6.546,,0.999,451.0330,82.4050,251.0550,59.8110,346.1120,320.2660,82.5410,149.5340,437.501,882.706,439.383,882.307,441.178,880.035,218.441,439.519,1.0,78,0000,1059,-0.3030526239881410,-0.5813529343778320,0.7551078550671990,213212230,15284476957636
2429148401351059601,2429p484_ac51-059601,242.4674850,49.0347948,2,1,0d00,1,2429148410596010012,01333b046,55223.65423550,13.858,0.241,3.786,13.632,0.314,1.504,10.523,0.346,1.035,6.859,,0.985,453.5600,100.8630,222.3850,64.3030,979.3970,311.7900,100.7580,92.6260,703.635,308.591,701.452,307.027,701.703,306.289,351.390,155.492,1.0,90,0000,1059,-0.3030526239881410,-0.5813529343778320,0.7551078550671990,213212230,15284476957636
2429148401351059601,2429p484_ac51-059601,242.4674850,49.0347948,2,1,0d00,1,2429148410596010013,01336a022,55223.72045130,14.106,0.256,3.832,13.603,0.292,1.477,10.325,,1.040,6.768,,0.988,361.1870,85.2700,228.5440,61.3720,514.0430,330.3750,-8.7590,155.5300,521.547,657.194,521.952,656.423,523.023,654.799,260.428,327.950,1.0,104,0000,1059,-0.3030526239881410,-0.5813529343778320,0.7551078550671990,213212230,15284476957636
2429148401351059601,2429p484_ac51-059601,242.4674850,49.0347948,2,1,0d00,1,2429148410596010014,01337b046,55223.78653980,13.749,0.194,3.867,13.216,0.202,1.546,10.625,0.487,1.018,7.304,,0.997,501.6560,89.4680,326.2410,60.7790,890.9440,399.2550,-62.1110,94.9560,787.451,96.670,783.881,94.719,783.474,94.708,393.268,50.661,1.0,118,0000,1059,-0.3030526239881410,-0.5813529343778320,0.7551078550671990,213212230,15284476957636
2429148401351059601,2429p484_ac51-059601,242.4674850,49.0347948,2,1,0d00,1,2429148410596010015,01340a021,55223.85275560,13.746,0.173,3.870,13.250,0.207,1.539,10.340,0.345,1.051,6.837,,0.987,502.9240,80.1600,316.1170,60.2210,1158.7581,367.7700,65.5470,113.1080,606.189,442.863,605.169,441.728,605.574,440.757,302.711,221.925,0.5,130,0000,1059,-0.3030526239881410,-0.5813529343778320,0.7551078550671990,213212230,15284476957636
2429148401351059601,2429p484_ac51-059601,242.4674850,49.0347948,2,1,0d00,1,2429148410596010016,01341b047,55223.91897150,13.782,0.200,3.825,13.143,0.226,1.617,10.564,0.347,1.029,6.480,,1.037,486.6130,89.5760,348.8770,72.5290,943.0970,301.7280,189.5480,108.0610,858.836,778.255,857.779,776.051,861.546,772.283,429.002,387.768,1.0,116,0000,1059,-0.3030526239881410,-0.5813529343778320,0.7551078550671990,213212230,15284476957636
2429148401351059601,2429p484_ac51-059601,242.4674850,49.0347948,2,1,0d00,1,2429148410596010017,01344a021,55223.98505990,13.728,0.216,3.891,13.590,0.313,1.478,10.887,0.537,1.021,7.281,,1.018,511.2870,101.9210,231.1190,66.7100,700.0130,346.5220,-96.8340,96.9970,678.793,202.806,676.333,201.345,675.865,201.267,338.995,103.186,1.0,103,0000,1059,-0.3030526239881410,-0.5813529343778320,0.7551078550671990,213212230,15284476957636
2429148401351059601,2429p484_ac51-059601,242.4674850,49.0347948,2,1,0d00,1,2429148410596010018,01345b046,55224.05127570,14.004,0.215,3.954,13.387,0.206,1.534,10.674,0.397,1.016,7.320,,1.067,396.7220,78.5290,278.6170,52.9050,852.0090,311.1880,-35.3860,93.5180,934.816,541.746,932.185,539.183,935.090,536.196,466.896,270.745,1.0,92,0000,1059,-0.3030526239881410,-0.5813529343778320,0.7551078550671990,213212230,15284476957636
2429148401351059601,2429p484_ac51-059601,242.4674850,49.0347948,2,1,0d00,1,2429148410596010032,06754a260,55402.99412620,14.007,0.217,3.820,13.454,0.242,1.513,10.484,0.379,1.031,6.438,,1.041,395.6690,79.0780,262.0480,58.4260,1014.9320,354.3050,203.9680,108.6980,571.155,968.217,572.643,967.290,575.705,963.997,285.228,481.815,1.0,72,0000,1059,-0.3030526239881410,-0.5813529343778320,0.7551078550671990,213212230,15284476957636
2429148401351059601,2429p484_ac51-059601,242.4674850,49.0347948,2,1,0d00,1,2429148410596010033,06757a235,55403.06021450,13.977,0.223,3.761,13.744,0.328,1.557,10.492,0.336,1.061,6.545,,1.027,406.6120,83.5260,200.6080,60.6850,1007.7500,311.9070,158.2030,111.8460,754.693,584.883,753.373,583.102,755.437,580.741,376.906,292.130,1.0,83,0000,1059,-0.3030526239881410,-0.5813529343778320,0.7551078550671990,213212230,15284476957636
2429148401351059601,2429p484_ac51-059601,242.4674850,49.0347948,2,1,0d00,1,2429148410596010034,06759a170,55403.12630280,13.980,0.227,3.761,13.819,0.357,1.528,10.926,0.516,1.047,7.194,0.530,1.005,405.6490,84.7310,187.1870,61.5340,675.7070,321.1200,210.0810,102.5420,502.396,156.143,500.815,155.461,499.057,156.417,250.912,80.166,1.0,96,0000,1059,-0.3030526239881410,-0.5813529343778320,0.7551078550671990,213212230,15284476957636
2429148401351059601,2429p484_ac51-059601,242.4674850,49.0347948,2,1,0d00,1,2429148410596010035,06761a171,55403.19251830,14.204,0.286,3.842,13.743,0.343,1.516,10.604,,1.049,6.983,,1.012,329.7790,86.9790,200.8530,63.5000,232.9560,337.8160,30.9130,112.0720,689.703,643.937,689.041,642.441,691.039,640.101,344.440,321.358,1.0,110,0000,1059,-0.3030526239881410,-0.5813529343778320,0.7551078550671990,213212230,15284476957636
2429148401351059601,2429p484_ac51-059601,242.4674850,49.0347948,2,1,0d00,1,2429148410596010036,06762a259,55403.25860640,13.971,0.268,3.864,13.873,0.442,1.621,10.496,0.348,1.044,7.184,,0.979,408.9520,101.0300,178.2310,72.6380,1003.8100,321.7340,18.8770,96.5590,434.950,221.600,434.041,221.226,432.242,222.139,217.214,112.552,1.0,124,0000,1059,-0.3030526239881410,-0.5813529343778320,0.7551078550671990,213212230,15284476957636
2429148401351059601,2429p484_ac51-059601,242.4674850,49.0347948,2,1,0d00,1,2429148410596010037,06765a235,55403.32482200,13.993,0.252,3.826,13.788,0.357,1.514,10.094,,1.014,6.647,,0.994,400.5620,92.8400,192.6950,63.2880,713.4190,370.2540,150.6040,98.4690,615.263,721.082,615.391,719.914,617.367,717.554,307.253,359.537,1.0,124,0000,1059,-0.3030526239881410,-0.5813529343778320,0.7551078550671990,213212230,15284476957636
2429148401351059601,2429p484_ac51-059601,242.4674850,49.0347948,2,1,0d00,1,2429148410596010038,06766a259,55403.39091020,13.875,0.230,3.789,13.975,0.472,1.661,10.586,0.401,1.051,6.756,,0.981,446.8490,94.4580,162.1920,70.5590,923.8040,340.8130,102.6020,105.9550,366.390,293.488,366.184,293.421,364.377,294.265,182.960,148.112,1.0,110,0000,1059,-0.3030526239881410,-0.5813529343778320,0.7551078550671990,213212230,15284476957636
2429148401351059601,2429p484_ac51-059601,242.4674850,49.0347948,2,1,0d00,1,2429148410596010039,06769a170,55403.45712580,14.236,0.297,3.885,13.760,0.347,1.561,10.714,0.416,1.022,6.973,,0.978,320.2560,87.6770,197.6880,63.2350,820.9080,314.5100,28.9150,114.3390,550.225,784.280,551.018,783.397,552.951,781.046,274.759,390.812,1.0,98,0000,1059,-0.3030526239881410,-0.5813529343778320,0.7551078550671990,213212230,15284476957636
2429148401351059601,2429p484_ac51-059601,242.4674850,49.0347948,2,1,0d00,1,2429148410596010040,06770a259,55403.52321400,14.009,0.274,3.825,13.749,0.428,1.592,10.845,0.447,1.050,6.647,,1.009,394.7340,99.7190,199.7190,78.7650,727.9570,299.5710,152.3730,97.6880,295.883,349.820,296.328,350.065,294.418,350.927,147.739,175.976,1.0,87,0000,1059,-0.3030526239881410,-0.5813529343778320,0.7551078550671990,213212230,15284476957636
2429148401351059601,2429p484_ac51-059601,242.4674850,49.0347948,2,1,0d00,1,2429148410596010041,06773a236,55403.58942960,14.016,0.101,4.084,13.455,0.140,1.532,,,,,,,392.2860,36.5340,261.8070,33.8600,,,,,485.896,831.811,487.274,831.205,,,,,1.0,80,0000,1059,-0.3030526239881410,-0.5813529343778320,0.7551078550671990,213212230,15284476957636
2429148401351059601,2429p484_ac51-059601,242.4674850,49.0347948,2,1,0d00,1,2429148410596010042,06774a259,55403.65551780,13.937,0.259,3.780,13.379,0.303,1.550,10.505,,1.026,7.294,,1.079,421.8860,100.6870,280.6760,78.3530,392.0860,301.5350,-137.3140,95.8260,231.792,400.072,232.822,400.599,230.814,401.483,115.724,200.829,1.0,71,0000,1059,-0.3030526239881410,-0.5813529343778320,0.7551078550671990,213212230,15284476957636
2429148401351059601,2429p484_ac51-059601,242.4674850,49.0347948,2,1,0d00,1,2429148410596010043,06777a236,55403.72173340,14.132,0.268,3.908,13.792,0.356,1.712,10.989,,1.113,6.977,,0.977,352.4900,87.1430,191.9350,62.9420,-51.7200,318.6420,51.5650,102.5550,417.508,902.354,419.592,902.043,421.377,899.776,208.443,449.239,1.0,62,0000,1059,-0.3030526239881410,-0.5813529343778320,0.7551078550671990,213212230,15284476957636
2429148401351059601,2429p484_ac51-059601,242.4674850,49.0347948,2,1,0d00,1,2429148410596010044,06778a259,55403.78782160,14.013,0.301,3.821,13.691,0.380,1.543,10.651,0.406,1.018,7.095,,1.006,393.3460,108.9810,210.6880,73.6980,869.9030,325.0480,-83.1840,115.0810,164.812,481.299,166.578,482.112,164.614,482.886,82.260,240.995,1.0,59,0000,1059,-0.3030526239881410,-0.5813529343778320,0.7551078550671990,213212230,15284476957636
2429148401351059601,2429p484_ac51-059601,242.4674850,49.0347948,2,1,0d00,1,2429148410596010045,06781a235,55403.85390990,14.123,0.267,3.796,13.641,0.291,1.496,10.478,0.325,1.044,6.707,,0.993,355.3580,87.2810,220.6980,59.2050,1020.5220,305.7780,35.8050,146.5610,349.487,62.228,348.394,62.213,345.268,64.338,174.572,33.766,1.0,59,0000,1059,-0.3030526239881410,-0.5813529343778320,0.7551078550671990,213212230,15284476957636
2429148401351059601,2429p484_ac51-059601,242.4674850,49.0347948,2,1,0d00,1,2429148410596010046,06781a236,55403.85403720,14.002,0.232,3.844,13.538,0.264,1.578,10.502,0.363,1.044,6.422,,0.999,397.3620,85.0710,242.6490,59.0170,998.3040,333.9880,167.9150,129.9260,347.082,976.286,349.893,976.278,351.649,974.021,173.244,485.821,1.0,60,0000,1059,-0.3030526239881410,-0.5813529343778320,0.7551078550671990,213212230,15284476957636
2429148401351059601,2429p484_ac51-059601,242.4674850,49.0347948,2,1,0d00,1,2429148410596010047,06782a259,55403.92012550,13.900,0.241,3.840,13.710,0.366,1.612,10.322,0.314,1.059,6.880,,1.099,436.4320,96.9490,206.9520,69.8610,1177.7590,340.1590,48.6520,115.9940,94.717,549.956,97.184,551.071,95.164,551.820,47.239,274.949,1.0,63,0000,1059,-0.3030526239881410,-0.5813529343778320,0.7551078550671990,213212230,15284476957636
2429148401351059601,2429p484_ac51-059601,242.4674850,49.0347948,2,1,0d00,1,2429148410596010048,06785a235,55403.98621370,14.061,0.287,3.796,13.536,0.309,1.495,10.753,,1.069,7.227,,1.000,376.4730,99.5830,243.0310,69.1200,188.4210,301.8950,-41.4400,101.9460,283.030,121.532,282.570,121.830,279.384,123.930,141.372,63.108,1.0,70,0000,1059,-0.3030526239881410,-0.5813529343778320,0.7551078550671990,213212230,15284476957636
2429148401351059601,2429p484_ac51-059601,242.4674850,49.0347948,2,1,0d00,1,2429148410596010049,06786a259,55404.05242930,14.215,0.337,3.851,13.908,0.474,1.556,10.964,0.510,1.040,6.639,,1.029,326.4530,101.2640,172.4610,75.2790,652.2110,306.2660,167.9450,91.2140,28.005,615.673,31.142,617.076,29.048,617.815,13.899,307.455,1.0,81,0000,1059,-0.3030526239881410,-0.5813529343778320,0.7551078550671990,213212230,15284476957636
2429148401351059601,2429p484_ac51-059601,242.4674850,49.0347948,2,1,0d00,1,2429148410596010050,06789a235,55404.11851750,13.787,0.221,3.957,13.602,0.320,1.613,10.984,0.540,1.011,7.093,,1.009,484.3660,98.7600,228.6370,67.3180,640.3980,318.3030,-90.5980,115.2970,212.808,187.093,213.032,187.718,209.800,189.774,106.296,95.538,1.0,94,0000,1059,-0.3030526239881410,-0.5813529343778320,0.7551078550671990,213212230,15284476957636
