,obsID,Name,MNV startTime¥_šUTC¥_Š,obs Mode,J2000_RA,J2000_Dec,Exp(ks)
1,O010129316005,BLANK_SKY2,01/08/2018 01:31,Point,57.3952,-24.3781,10
2,O010129312004,BLANK_SKY6,01/08/2018 06:17,Point,322.5919,-23.0951,10
3,O010129311005,BLANK_SKY7,01/08/2018 11:03,Point,312.1284,-36.5756,10
4,O011466101102,MAXI J1820+070,01/08/2018 15:50,Point,275.091,7.1856,10
5,O010131001024,GRS 1915+105,01/08/2018 20:36,Point,288.7981,10.9458,10
6,O010129303008,BLANK_SKY17,02/08/2018 01:22,Point,233.4943,-3.4427,10
7,O010129305009,BLANK_SKY14,02/08/2018 06:09,Point,258.4627,57.472,10
8,O011466101103,MAXI J1820+070,02/08/2018 10:55,Point,275.091,7.1856,15
9,O010131001025,GRS 1915+105,02/08/2018 18:52,Point,288.7981,10.9458,15
21,O011466101104,MAXI J1820+070,04/08/2018 12:13,Point,275.091,7.1856,15
22,O010131001026,GRS 1915+105,04/08/2018 18:35,Point,288.7981,10.9458,15
23,O010131501016,Cyg X-1,05/08/2018 02:32,Point,299.5903,35.2016,20
24,O011466101107,MAXI J1820+070,05/08/2018 12:05,Point,275.091,7.1856,10
25,O010131001029,GRS 1915+105,05/08/2018 16:51,Point,288.7981,10.9458,10
26,O010130001028,Cyg X-2,05/08/2018 21:37,Point,326.1715,38.3214,20
27,O011466101108,MAXI J1820+070,06/08/2018 07:10,Point,275.091,7.1856,10
28,O010131001030,GRS 1915+105,06/08/2018 11:56,Point,288.7981,10.9458,10
29,O010129801025,Cyg X-3,06/08/2018 16:42,Point,308.1074,40.9577,20
41,O011466101109,MAXI J1820+070,08/08/2018 13:14,Point,275.091,7.1856,15
42,O010131001031,GRS 1915+105,08/08/2018 19:36,Point,288.7981,10.9458,20
43,O010131101018,Cen X-3,09/08/2018 01:57,Point,170.3158,-60.623,15
44,O011466101110,MAXI J1820+070,09/08/2018 11:30,Point,275.091,7.1856,10
45,O010131001032,GRS 1915+105,09/08/2018 16:16,Point,288.7981,10.9458,10
46,O010130601015,GX 17+2,09/08/2018 21:02,Point,274.0057,-14.0363,20
47,O011466101111,MAXI J1820+070,10/08/2018 06:35,Point,275.091,7.1856,10
48,O010131001033,GRS 1915+105,10/08/2018 11:21,Point,288.7981,10.9458,10
49,O010131201006,GX 9+9,10/08/2018 16:07,Point,262.934,-16.9614,25
50,O010121003007,Cir X-1,11/08/2018 01:40,Point,230.1702,-57.1667,15
51,O010131001034,GRS 1915+105,11/08/2018 06:26,Point,288.7981,10.9458,20
52,O011466101112,MAXI J1820+070,11/08/2018 14:23,Point,275.091,7.1856,10
53,O010121003008,Cir X-1,11/08/2018 19:10,Point,230.1702,-57.1667,10
64,O010121003009,Cir X-1,13/08/2018 07:44,Point,230.1702,-57.1667,10
65,O011466101113,MAXI J1820+070,13/08/2018 12:31,Point,275.091,7.1856,10
66,O010131001035,GRS 1915+105,13/08/2018 17:17,Point,288.7981,10.9458,10
67,O010129313004,BLANK_SKY5,13/08/2018 22:03,Point,352.7624,-70.3217,10
68,O010129311006,BLANK_SKY7,14/08/2018 02:50,Point,312.1284,-36.5756,10
69,O010129309002,BLANK_SKY9,14/08/2018 07:36,Point,311.3196,-12.6268,10
70,O010129303009,BLANK_SKY17,14/08/2018 12:22,Point,233.4943,-3.4427,10
71,O010129302007,BLANK_SKY18,14/08/2018 17:09,Point,244.3452,20.0333,10
72,O010121003010,Cir X-1,14/08/2018 21:55,Point,230.1702,-57.1667,10
73,O010130801017,Her X-1,15/08/2018 01:06,Point,254.4575,35.3423,10
74,O011466101114,MAXI J1820+070,15/08/2018 05:52,Point,275.091,7.1856,10
75,O010131001036,GRS 1915+105,15/08/2018 10:38,Point,288.7981,10.9458,10
76,O010121003011,Cir X-1,15/08/2018 15:25,Point,230.1702,-57.1667,10
77,O010130801018,Her X-1,15/08/2018 20:11,Point,254.4575,35.3423,10
78,O010132801010,Sco X-1,16/08/2018 00:57,Point,244.9794,-15.6403,20
79,O010130001029,Cyg X-2,16/08/2018 10:30,Point,326.1715,38.3214,20
80,O010121003012,Cir X-1,16/08/2018 20:03,Point,230.1702,-57.1667,10
81,O010130801019,Her X-1,17/08/2018 00:49,Point,254.4575,35.3423,10
82,O011466101115,MAXI J1820+070,17/08/2018 05:35,Point,275.091,7.1856,10
83,O010131001037,GRS 1915+105,17/08/2018 10:22,Point,288.7981,10.9458,10
84,O010121003013,Cir X-1,17/08/2018 15:08,Point,230.1702,-57.1667,20
85,O010130801020,Her X-1,17/08/2018 19:55,Point,254.4575,35.3423,10
97,O010130801021,Her X-1,19/08/2018 11:41,Point,254.4575,35.3423,10
98,O011466101116,MAXI J1820+070,19/08/2018 16:27,Point,275.091,7.1856,10
99,O010131001038,GRS 1915+105,19/08/2018 21:14,Point,288.7981,10.9458,10
100,O010121003014,Cir X-1,20/08/2018 02:00,Point,230.1702,-57.1667,10
101,O010132601009,Cas A,20/08/2018 06:47,Point,350.85,58.815,100
102,O010121003015,Cir X-1,22/08/2018 06:31,Point,230.1702,-57.1667,10
103,O011466101117,MAXI J1820+070,22/08/2018 11:17,Point,275.091,7.1856,10
104,O010131001039,GRS 1915+105,22/08/2018 16:04,Point,288.7981,10.9458,10
105,O010121003016,Cir X-1,22/08/2018 20:50,Point,230.1702,-57.1667,10
116,O010132601010,Cas A,24/08/2018 07:51,Point,350.85,58.815,100
117,O010131001040,GRS 1915+105,26/08/2018 10:47,Point,288.7981,10.9458,15
118,O011466101118,MAXI J1820+070,26/08/2018 17:09,Point,275.091,7.1856,15
130,O011466101119,MAXI J1820+070,28/08/2018 12:07,Point,275.091,7.1856,10
131,O010131001041,GRS 1915+105,28/08/2018 16:53,Point,288.7981,10.9458,10
132,O010129313005,BLANK_SKY5,28/08/2018 21:40,Point,352.7624,-70.3217,10
133,O010129312005,BLANK_SKY6,29/08/2018 02:26,Point,322.5919,-23.0951,10
134,O010129311007,BLANK_SKY7,29/08/2018 07:13,Point,312.1284,-36.5756,10
135,O010129309003,BLANK_SKY9,29/08/2018 11:59,Point,311.3196,-12.6268,10
136,O010129307002,BLANK_SKY11,29/08/2018 16:45,Point,319.0534,3.8279,10
137,O011466101120,MAXI J1820+070,29/08/2018 21:32,Point,275.091,7.1856,10
138,O010131001042,GRS 1915+105,30/08/2018 02:18,Point,288.7981,10.9458,10
139,O011160501063,Crab,30/08/2018 07:05,Point,83.6331,22.0145,50
140,O010130301006,4U 1728-34,31/08/2018 08:32,Point,262.9905,-33.834,10
141,O010131201007,GX 9+9,31/08/2018 13:18,Point,262.934,-16.9614,15
142,O011466101121,MAXI J1820+070,31/08/2018 22:51,Point,275.091,7.1856,10
,obsID,Name,MNV startTime¥_šUTC¥_Š,obs Mode,J2000_RA,J2000_Dec,Exp(ks)
3,O011476301013,4U 1630-472,01/07/2018 07:02,Point,248.5067,-47.393,10
4,O011476401009,4U 1608-52,01/07/2018 11:48,Point,243.179,-52.423,10
5,O011465401028,4U 1636-536,01/07/2018 16:35,Point,250.231,-53.751,10
6,O011466101079,MAXI J1820+070,01/07/2018 21:21,Point,275.1083,7.0369,10
7,O011476301014,4U 1630-472,02/07/2018 03:43,Point,248.5067,-47.393,10
8,O011476401010,4U 1608-52,02/07/2018 08:29,Point,243.179,-52.423,10
9,O011465401029,4U 1636-536,02/07/2018 13:16,Point,250.231,-53.751,10
16,O011476301015,4U 1630-472,03/07/2018 13:08,Point,248.5067,-47.393,10
17,O011476401011,4U 1608-52,03/07/2018 17:54,Point,243.179,-52.423,10
18,O011465401030,4U 1636-536,03/07/2018 22:41,Point,250.231,-53.751,10
19,O011470901022,H 1417-624,04/07/2018 03:27,Point,215.3033,-62.6983,20
20,O010129801017,Cyg X-3,04/07/2018 13:00,Point,308.1074,40.9577,25
21,O011465401031,4U 1636-536,04/07/2018 22:33,Point,250.231,-53.751,10
22,O011470901023,H 1417-624,05/07/2018 03:19,Point,215.3033,-62.6983,10
23,O011476301017,4U 1630-472,05/07/2018 08:05,Point,248.5067,-47.393,10
24,O011476401013,4U 1608-52,05/07/2018 12:52,Point,243.179,-52.423,10
25,O011465401032,4U 1636-536,05/07/2018 17:38,Point,250.231,-53.751,10
26,O010129801018,Cyg X-3,06/07/2018 01:35,Point,308.1074,40.9577,20
27,O011470901025,H 1417-624,06/07/2018 11:08,Point,215.3033,-62.6983,10
28,O011465401033,4U 1636-536,06/07/2018 15:54,Point,250.231,-53.751,10
29,O011466101084,MAXI J1820+070,06/07/2018 20:41,Point,275.091,7.1856,20
30,O010129801019,Cyg X-3,07/07/2018 06:14,Point,308.1074,40.9577,20
31,O011470901026,H 1417-624,07/07/2018 15:46,Point,215.3033,-62.6983,10
32,O011465401034,4U 1636-536,07/07/2018 20:33,Point,250.231,-53.751,10
33,O011466101085,MAXI J1820+070,08/07/2018 01:19,Point,275.091,7.1856,15
34,O010129801020,Cyg X-3,08/07/2018 09:16,Point,308.1074,40.9577,20
35,O011470901027,H 1417-624,08/07/2018 17:13,Point,215.3033,-62.6983,10
36,O011465401035,4U 1636-536,08/07/2018 22:00,Point,250.231,-53.751,10
37,O011466101086,MAXI J1820+070,09/07/2018 02:46,Point,275.091,7.1856,15
38,O010129801021,Cyg X-3,09/07/2018 10:43,Point,308.1074,40.9577,20
39,O011470901028,H 1417-624,09/07/2018 18:41,Point,215.3033,-62.6983,10
40,O011465401036,4U 1636-536,09/07/2018 23:27,Point,250.231,-53.751,10
41,O011466101087,MAXI J1820+070,10/07/2018 02:38,Point,275.091,7.1856,10
42,O010129801022,Cyg X-3,10/07/2018 09:00,Point,308.1074,40.9577,15
43,O011470901029,H 1417-624,10/07/2018 15:21,Point,215.3033,-62.6983,10
44,O011465401037,4U 1636-536,10/07/2018 20:08,Point,250.231,-53.751,10
45,O011466101088,MAXI J1820+070,11/07/2018 00:54,Point,275.091,7.1856,10
46,O010129801023,Cyg X-3,11/07/2018 07:16,Point,308.1074,40.9577,15
47,O011470901030,H 1417-624,11/07/2018 13:38,Point,215.3033,-62.6983,10
48,O011465401038,4U 1636-536,11/07/2018 18:24,Point,250.231,-53.751,15
49,O010131001011,GRS 1915+105,12/07/2018 00:46,Point,288.7981,10.9458,10
50,O011466101089,MAXI J1820+070,12/07/2018 05:32,Point,275.091,7.1856,10
60,O010131001012,GRS 1915+105,13/07/2018 14:56,Point,288.7981,10.9458,10
61,O011466101090,MAXI J1820+070,13/07/2018 19:43,Point,275.091,7.1856,10
63,O011466101091,MAXI J1820+070,15/07/2018 01:56,Point,275.091,7.1856,20
64,O010133001018,GRS 1915+105,15/07/2018 11:29,Point,288.7981,10.9458,30
74,O010131001013,GRS 1915+105,17/07/2018 06:26,Point,288.7981,10.9458,20
75,O011466101092,MAXI J1820+070,17/07/2018 19:10,Point,275.091,7.1856,20
76,O010131501014,Cyg X-1,18/07/2018 01:32,Point,299.5903,35.2016,20
77,O010131001014,GRS 1915+105,18/07/2018 11:04,Point,288.7981,10.9458,10
78,O011466101093,MAXI J1820+070,18/07/2018 15:51,Point,275.091,7.1856,10
79,O010130601013,GX 17+2,18/07/2018 20:37,Point,274.0057,-14.0363,20
80,O010131001015,GRS 1915+105,19/07/2018 06:10,Point,288.7981,10.9458,10
81,O011466101094,MAXI J1820+070,19/07/2018 10:56,Point,275.091,7.1856,10
82,O010130001027,Cyg X-2,19/07/2018 15:43,Point,326.1715,38.3214,20
92,O010131001016,GRS 1915+105,21/07/2018 07:30,Point,288.7981,10.9458,20
93,O011466101095,MAXI J1820+070,21/07/2018 17:03,Point,275.091,7.1856,20
94,O010131101017,Cen X-3,22/07/2018 02:36,Point,170.3158,-60.623,10
95,O010131001017,GRS 1915+105,22/07/2018 07:23,Point,288.7981,10.9458,20
96,O010129303007,BLANK_SKY17,22/07/2018 16:56,Point,233.4943,-3.4427,30
97,O010129306008,BLANK_SKY13,23/07/2018 05:40,Point,234.3967,-20.1846,30
98,O011466101096,MAXI J1820+070,23/07/2018 18:25,Point,275.091,7.1856,20
99,O010131001018,GRS 1915+105,24/07/2018 02:23,Point,288.7981,10.9458,20
111,O011466101097,MAXI J1820+070,25/07/2018 23:00,Point,275.091,7.1856,20
112,O010131001019,GRS 1915+105,26/07/2018 05:22,Point,288.7981,10.9458,10
113,O010130601014,GX 17+2,26/07/2018 10:09,Point,274.0057,-14.0363,20
114,O010132801009,Sco X-1,26/07/2018 19:43,Point,244.9794,-15.6403,20
115,O011466101098,MAXI J1820+070,27/07/2018 05:17,Point,275.091,7.1856,20
116,O010131001020,GRS 1915+105,27/07/2018 14:50,Point,288.7981,10.9458,10
117,O010130901018,GX 301-2,27/07/2018 19:37,Point,186.6565,-62.7703,30
118,O011466101099,MAXI J1820+070,28/07/2018 02:00,Point,275.091,7.1856,10
119,O010131001021,GRS 1915+105,28/07/2018 06:46,Point,288.7981,10.9458,10
131,O011466101100,MAXI J1820+070,29/07/2018 22:35,Point,275.091,7.1856,25
132,O010131001022,GRS 1915+105,30/07/2018 03:22,Point,288.7981,10.9458,10
133,O010132601008,Cas A,30/07/2018 08:08,Point,350.85,58.815,50
134,O011466101101,MAXI J1820+070,31/07/2018 14:22,Point,275.091,7.1856,10
135,O010131001023,GRS 1915+105,31/07/2018 19:09,Point,288.7981,10.9458,10
,obsID,Name,MNV startTime¥_šUTC¥_Š,obs Mode,J2000_RA,J2000_Dec,Exp(ks)
1,O011466101061,MAXI J1820+070,01/06/2018 17:27,Point,275.1083,7.0369,25
2,O010131201005,GX 9+9,02/06/2018 01:25,Point,262.934,-16.9614,30
3,O011466101062,MAXI J1820+070,02/06/2018 17:22,Point,275.1083,7.0369,20
4,O010131501013,Cyg X-1,03/06/2018 02:57,Point,299.5903,35.2016,30
5,O011466101063,MAXI J1820+070,03/06/2018 17:17,Point,275.1083,7.0369,20
11,O011466101064,MAXI J1820+070,04/06/2018 18:46,Point,275.1083,7.0369,10
18,O011466101065,MAXI J1820+070,05/06/2018 18:38,Point,275.1083,7.0369,10
19,O010129302005,BLANK_SKY18,06/06/2018 01:00,Point,244.3452,20.0333,10
20,O010129303006,BLANK_SKY17,06/06/2018 05:46,Point,233.4943,-3.4427,10
21,O010129306006,BLANK_SKY13,06/06/2018 10:32,Point,234.3967,-20.1846,10
22,O011466101066,MAXI J1820+070,06/06/2018 15:19,Point,275.1083,7.0369,15
23,O011475701001,8hr,06/06/2018 21:40,Point,124,-78.75,8
24,O011475601001,Dusty10,07/06/2018 00:51,Point,153,-80.8333,4
25,O011475501001,Antlia,07/06/2018 02:27,Point,157.5,-35.3333,4
26,O011475401001,Centaurus,07/06/2018 04:02,Point,192.5,-41.3333,4
27,O010130801013,Her X-1,07/06/2018 05:38,Point,254.4575,35.3423,25
28,O011466101067,MAXI J1820+070,07/06/2018 18:21,Point,275.1083,7.0369,8
29,O011475701002,8hr,07/06/2018 21:32,Point,124,-78.75,10
30,O011475601002,Dusty10,08/06/2018 00:43,Point,153,-80.8333,4
31,O011475501002,Antlia,08/06/2018 02:18,Point,157.5,-35.3333,4
32,O011475401002,Centaurus,08/06/2018 03:53,Point,192.5,-41.3333,5
33,O011475801001,MAXI J1727-203,08/06/2018 05:29,Point,262.1247,-20.3823,10
34,O010130801014,Her X-1,08/06/2018 13:26,Point,254.4575,35.3423,20
35,O011475701003,8hr,08/06/2018 22:58,Point,124,-78.75,4
36,O011475601003,Dusty10,09/06/2018 00:34,Point,153,-80.8333,4
37,O011475501003,Antlia,09/06/2018 02:09,Point,157.5,-35.3333,4
38,O011475401003,Centaurus,09/06/2018 03:45,Point,192.5,-41.3333,5
39,O010130801015,Her X-1,09/06/2018 05:20,Point,254.4575,35.3423,35
40,O011475701004,8hr,09/06/2018 22:50,Point,124,-78.75,5
41,O011475601004,Dusty10,10/06/2018 00:25,Point,153,-80.8333,4
42,O011475501004,Antlia,10/06/2018 02:01,Point,157.5,-35.3333,4
43,O011475901001,Dusty11,10/06/2018 03:36,Point,170,-85.3333,4
44,O010130801016,Her X-1,10/06/2018 05:11,Point,254.4575,35.3423,20
45,O011475801002,MAXI J1727-203,10/06/2018 16:19,Point,262.1247,-20.3823,10
46,O011475701005,8hr,10/06/2018 22:41,Point,124,-78.75,8
47,O011475601005,Dusty10,11/06/2018 01:52,Point,153,-80.8333,4
48,O011475501005,Antlia,11/06/2018 03:27,Point,157.5,-35.3333,4
49,O011475901002,Dusty11,11/06/2018 05:03,Point,170,-85.3333,4
50,O011466101068,MAXI J1820+070,11/06/2018 06:38,Point,275.1083,7.0369,15
51,O010129315003,BLANK_SKY3,11/06/2018 14:35,Point,50.3109,-57.196,8
52,O010129311004,BLANK_SKY7,11/06/2018 19:21,Point,312.1284,-36.5756,8
53,O011475701006,8hr,11/06/2018 22:32,Point,124,-78.75,8
54,O011475601006,Dusty10,12/06/2018 01:43,Point,153,-80.8333,4
55,O011475501006,Antlia,12/06/2018 03:18,Point,157.5,-35.3333,4
56,O011475901003,Dusty11,12/06/2018 04:54,Point,170,-85.3333,4
68,O011475801003,MAXI J1727-203,13/06/2018 17:28,Point,262.1247,-20.3823,10
69,O011466101069,MAXI J1820+070,13/06/2018 22:15,Point,275.1083,7.0369,20
70,O011476001001,XTE J1946+274,14/06/2018 07:47,Point,296.414,27.3654,100
71,O010130001024,Cyg X-2,16/06/2018 01:08,Point,326.1715,38.3214,20
72,O011476301001,4U 1630-472,16/06/2018 10:41,Point,248.5067,-47.393,20
73,O010130001026,Cyg X-2,16/06/2018 20:13,Point,326.1715,38.3214,10
74,O011466101070,MAXI J1820+070,16/06/2018 23:24,Point,275.1083,7.0369,15
75,O010131001008,GRS 1915+105,17/06/2018 08:57,Point,288.7981,10.9458,30
76,O010129801016,Cyg X-3,17/06/2018 23:16,Point,308.1074,40.9577,20
77,O011476301002,4U 1630-472,18/06/2018 08:48,Point,248.5067,-47.393,10
78,O010130601012,GX 17+2,18/06/2018 13:34,Point,274.0057,-14.0363,20
84,O011476301003,4U 1630-472,19/06/2018 15:01,Point,248.5067,-47.393,10
85,O011466101073,MAXI J1820+070,19/06/2018 19:48,Point,275.1083,7.0369,15
92,O011476301004,4U 1630-472,20/06/2018 19:39,Point,248.5067,-47.393,10
93,O010129305008,BLANK_SKY14,21/06/2018 00:26,Point,258.4627,57.472,15
94,O010129315005,BLANK_SKY3,21/06/2018 08:23,Point,50.3109,-57.196,15
95,O011466101074,MAXI J1820+070,21/06/2018 16:20,Point,275.1083,7.0369,10
96,O011476301005,4U 1630-472,21/06/2018 21:06,Point,248.5067,-47.393,10
97,O011476401001,4U 1608-52,22/06/2018 01:53,Point,243.1789,-52.4229,15
98,O010129306007,BLANK_SKY13,22/06/2018 08:14,Point,234.3967,-20.1846,20
99,O010129302006,BLANK_SKY18,22/06/2018 16:12,Point,244.3452,20.0333,20
100,O011476301006,4U 1630-472,23/06/2018 00:09,Point,248.5067,-47.393,10
101,O011466101075,MAXI J1820+070,23/06/2018 04:55,Point,275.1083,7.0369,10
102,O011476401002,4U 1608-52,23/06/2018 11:17,Point,243.1789,-52.4229,10
103,O010131001009,GRS 1915+105,23/06/2018 16:03,Point,288.7981,10.9458,10
104,O011476301007,4U 1630-472,23/06/2018 20:50,Point,248.5067,-47.393,20
105,O011476401003,4U 1608-52,24/06/2018 06:22,Point,243.1789,-52.4229,10
106,O011466101076,MAXI J1820+070,24/06/2018 11:09,Point,275.1083,7.0369,10
107,O010132801008,Sco X-1,24/06/2018 15:55,Point,244.9794,-15.6403,50
108,O011476301008,4U 1630-472,25/06/2018 15:47,Point,248.5067,-47.393,10
109,O011476401004,4U 1608-52,25/06/2018 20:33,Point,243.1789,-52.4229,10
110,O011465401023,4U 1636-536,26/06/2018 01:20,Point,250.231,-53.751,10
111,O011476301009,4U 1630-472,26/06/2018 09:17,Point,248.5067,-47.393,10
112,O011476401005,4U 1608-52,26/06/2018 14:04,Point,243.179,-52.423,10
113,O011466101077,MAXI J1820+070,26/06/2018 18:50,Point,275.1083,7.0369,10
114,O010131101016,Cen X-3,27/06/2018 01:12,Point,170.3158,-60.623,10
115,O011465401024,4U 1636-536,27/06/2018 07:34,Point,250.231,-53.751,15
116,O011476301010,4U 1630-472,27/06/2018 15:31,Point,248.5067,-47.393,10
117,O011476401006,4U 1608-52,27/06/2018 20:17,Point,243.179,-52.423,10
118,O011465401025,4U 1636-536,28/06/2018 01:04,Point,250.231,-53.751,6
119,O011466101078,MAXI J1820+070,28/06/2018 05:50,Point,275.1083,7.0369,43
120,O011476301011,4U 1630-472,29/06/2018 02:31,Point,248.5067,-47.393,7
121,O011476401007,4U 1608-52,29/06/2018 07:18,Point,243.179,-52.423,10
122,O011465401026,4U 1636-536,29/06/2018 12:04,Point,250.231,-53.751,20
123,O010131001010,GRS 1915+105,29/06/2018 20:02,Point,288.7981,10.9458,10
124,O011476301012,4U 1630-472,30/06/2018 00:48,Point,248.5067,-47.393,10
125,O011476401008,4U 1608-52,30/06/2018 05:34,Point,243.179,-52.423,10
126,O011465401027,4U 1636-536,30/06/2018 10:21,Point,250.231,-53.751,10
,obsID,Name,MNV startTime¥_šUTC¥_Š,obs Mode,J2000_RA,J2000_Dec,Exp(ks)
1,O011466101034,MAXI J1820+070,01/05/2018 03:55,Point,275.1083,7.0369,17
2,O011470901017,H 1417-624,01/05/2018 13:28,Point,215.3033,-62.6983,10
8,O011466101035,MAXI J1820+070,02/05/2018 10:09,Point,275.1083,7.0369,20
9,O011470901018,H 1417-624,02/05/2018 19:42,Point,215.3033,-62.6983,13
10,O010131101013,Cen X-3,03/05/2018 00:28,Point,170.3158,-60.623,10
11,O011466101036,MAXI J1820+070,03/05/2018 05:15,Point,275.1083,7.0369,20
12,O011470901019,H 1417-624,03/05/2018 17:58,Point,215.3033,-62.6983,10
13,O010131501011,Cyg X-1,03/05/2018 22:45,Point,299.5903,35.2016,10
14,O011466101037,MAXI J1820+070,04/05/2018 03:31,Point,275.1083,7.0369,20
15,O011470901020,H 1417-624,04/05/2018 13:04,Point,215.3033,-62.6983,10
16,O010129801014,Cyg X-3,04/05/2018 17:51,Point,308.1074,40.9577,10
17,O010130801007,Her X-1,05/05/2018 00:13,Point,254.4575,35.3423,25
18,O011466101038,MAXI J1820+070,05/05/2018 09:46,Point,275.1083,7.0369,10
19,O011470901021,H 1417-624,05/05/2018 16:07,Point,215.3033,-62.6983,10
20,O010133001017,GRS 1915+105,05/05/2018 20:54,Point,288.7981,10.9458,25
21,O011466101039,MAXI J1820+070,06/05/2018 11:13,Point,275.1083,7.0369,10
22,O010130801008,Her X-1,06/05/2018 16:00,Point,254.4575,35.3423,25
23,O010130001012,Cyg X-2,07/05/2018 01:33,Point,326.1715,38.3214,20
24,O011466101040,MAXI J1820+070,07/05/2018 11:05,Point,275.1083,7.0369,10
25,O010130801009,Her X-1,07/05/2018 15:52,Point,254.4575,35.3423,25
26,O010130001013,Cyg X-2,08/05/2018 01:25,Point,326.1715,38.3214,20
27,O011466101041,MAXI J1820+070,08/05/2018 10:58,Point,275.1083,7.0369,20
28,O010130801010,Her X-1,08/05/2018 20:30,Point,254.4575,35.3423,25
29,O010130001014,Cyg X-2,09/05/2018 04:28,Point,326.1715,38.3214,20
30,O011466101042,MAXI J1820+070,09/05/2018 14:01,Point,275.1083,7.0369,10
31,O010130801011,Her X-1,09/05/2018 18:47,Point,254.4575,35.3423,20
32,O010130001015,Cyg X-2,10/05/2018 04:20,Point,326.1715,38.3214,20
33,O011466101043,MAXI J1820+070,10/05/2018 13:53,Point,275.1083,7.0369,10
34,O010130801012,Her X-1,10/05/2018 18:39,Point,254.4575,35.3423,20
35,O010131001004,GRS 1915+105,11/05/2018 02:36,Point,288.7981,10.9458,30
36,O010130001016,Cyg X-2,11/05/2018 18:31,Point,326.1715,38.3214,20
37,O011466101044,MAXI J1820+070,12/05/2018 04:04,Point,275.1083,7.0369,20
38,O010130001017,Cyg X-2,12/05/2018 13:36,Point,326.1715,38.3214,20
39,O011466101045,MAXI J1820+070,13/05/2018 00:45,Point,275.1083,7.0369,10
40,O010130001018,Cyg X-2,13/05/2018 05:31,Point,326.1715,38.3214,20
48,O011466101046,MAXI J1820+070,14/05/2018 13:20,Point,275.1083,7.0369,10
49,O010130001020,Cyg X-2,14/05/2018 18:06,Point,326.1715,38.3214,20
50,O011466101047,MAXI J1820+070,15/05/2018 03:39,Point,275.1083,7.0369,10
51,O010130001021,Cyg X-2,15/05/2018 08:25,Point,326.1715,38.3214,20
58,O011466101048,MAXI J1820+070,16/05/2018 13:03,Point,275.1083,7.0369,10
59,O010130001022,Cyg X-2,16/05/2018 17:49,Point,326.1715,38.3214,20
60,O010129303003,BLANK_SKY17,17/05/2018 01:47,Point,233.4943,-3.4427,10
61,O010129305006,BLANK_SKY14,17/05/2018 06:33,Point,258.4627,57.472,10
62,O010129319006,BLANK_SKY19,17/05/2018 11:19,Point,151.749,2.1364,10
63,O011466101049,MAXI J1820+070,17/05/2018 16:06,Point,275.1083,7.0369,20
64,O010129312002,BLANK_SKY6,18/05/2018 01:38,Point,322.5919,-23.0951,10
65,O010129311002,BLANK_SKY7,18/05/2018 06:25,Point,312.1284,-36.5756,15
66,O010129302002,BLANK_SKY18,18/05/2018 11:11,Point,244.3452,20.0333,10
67,O011466101050,MAXI J1820+070,18/05/2018 15:57,Point,275.1083,7.0369,20
68,O010131101014,Cen X-3,19/05/2018 01:30,Point,170.3158,-60.623,20
69,O011466101051,MAXI J1820+070,19/05/2018 11:03,Point,275.1083,7.0369,20
70,O010130601009,GX 17+2,19/05/2018 20:35,Point,274.0057,-14.0363,20
71,O010130901016,GX 301-2,20/05/2018 06:08,Point,186.6565,-62.7703,20
72,O011466101052,MAXI J1820+070,20/05/2018 15:41,Point,275.1083,7.0369,40
73,O010130901017,GX 301-2,21/05/2018 18:43,Point,186.6565,-62.7703,15
74,O011466101053,MAXI J1820+070,22/05/2018 04:16,Point,275.1083,7.0369,20
75,O010131001005,GRS 1915+105,22/05/2018 13:49,Point,288.7981,10.9458,20
76,O011466101054,MAXI J1820+070,23/05/2018 00:57,Point,275.1083,7.0369,20
90,O011466101055,MAXI J1820+070,25/05/2018 03:52,Point,275.1083,7.0369,20
91,O010131501012,Cyg X-1,25/05/2018 13:25,Point,299.5903,35.2016,20
92,O010129801015,Cyg X-3,25/05/2018 21:22,Point,308.1074,40.9577,20
93,O010131301001,GX 13+1,26/05/2018 05:19,Point,273.6314,-17.1574,30
94,O010130601010,GX 17+2,26/05/2018 16:28,Point,274.0057,-14.0363,20
95,O010132801006,Sco X-1,27/05/2018 00:25,Point,244.9794,-15.6403,10
96,O010131001006,GRS 1915+105,27/05/2018 05:12,Point,288.7981,10.9458,20
97,O010129302003,BLANK_SKY18,27/05/2018 14:45,Point,244.3452,20.0333,10
98,O011466101056,MAXI J1820+070,27/05/2018 19:32,Point,275.1083,7.0369,10
99,O010129303004,BLANK_SKY17,28/05/2018 00:18,Point,233.4943,-3.4427,10
100,O010129319007,BLANK_SKY19,28/05/2018 05:05,Point,151.749,2.1364,10
101,O010129313002,BLANK_SKY5,28/05/2018 09:51,Point,352.7624,-70.3217,10
102,O010129311003,BLANK_SKY7,28/05/2018 14:38,Point,312.1284,-36.5756,10
103,O011466101057,MAXI J1820+070,28/05/2018 19:25,Point,275.1083,7.0369,10
109,O011466101058,MAXI J1820+070,29/05/2018 16:07,Point,275.1083,7.0369,15
116,O011466101059,MAXI J1820+070,30/05/2018 17:37,Point,275.1083,7.0369,25
119,O010130001023,Cyg X-2,31/05/2018 06:22,Point,326.1714,38.3214,20
120,O011466101060,MAXI J1820+070,31/05/2018 17:32,Point,275.1083,7.0369,15
121,O010131001007,GRS 1915+105,31/05/2018 23:54,Point,288.7981,10.9458,40
,obsID,Name,MNV startTime¥_šUTC¥_Š,obs Mode,J2000_RA,J2000_Dec,Exp(ks)
1,O011160501061,Crab,01/04/2018 01:27,Point,83.6331,22.0145,10
2,O011465401018,4U 1636-536,01/04/2018 06:14,Point,250.231,-53.751,15
3,O010131201003,GX 9+9,01/04/2018 11:00,Point,262.934,-16.9614,10
4,O010131501009,Cyg X-1,01/04/2018 15:46,Point,299.5903,35.2016,10
5,O011466101011,MAXI J1820+070,01/04/2018 20:33,Point,275.1083,7.0369,40
6,O010133001003,GRS 1915+105,02/04/2018 15:39,Point,288.7981,10.9458,15
7,O010132801004,Sco X-1,03/04/2018 00:00,Point,244.9794,-15.6403,10
8,O011465401021,4U 1636-536,03/04/2018 04:23,Point,250.231,-53.751,17
9,O011468701001,NGC 6624,03/04/2018 09:09,Point,275.9188,-30.361,30
10,O011466101012,MAXI J1820+070,03/04/2018 23:29,Point,275.1083,7.0369,30
15,O011469201001,Swift J1756.9-2508,05/04/2018 02:33,Point,269.2389,-25.1077,40
16,O011466101013,MAXI J1820+070,05/04/2018 20:04,Point,275.1083,7.0369,30
17,O010133001004,GRS 1915+105,06/04/2018 05:37,Point,288.7981,10.9458,30
18,O011466101014,MAXI J1820+070,06/04/2018 15:11,Point,275.1083,7.0369,30
19,O010133001005,GRS 1915+105,07/04/2018 05:31,Point,288.7981,10.9458,20
27,O011466101015,MAXI J1820+070,08/04/2018 13:22,Point,275.1083,7.0369,20
28,O010133001006,GRS 1915+105,08/04/2018 22:55,Point,288.7981,10.9458,20
29,O011466101016,MAXI J1820+070,09/04/2018 10:04,Point,275.1083,7.0369,20
30,O010130901015,GX 301-2,09/04/2018 19:37,Point,186.6565,-62.7703,30
31,O010133001007,GRS 1915+105,10/04/2018 05:10,Point,288.7981,10.9458,15
32,O011466101017,MAXI J1820+070,10/04/2018 14:43,Point,275.1083,7.0369,25
33,O010129801012,Cyg X-3,11/04/2018 01:52,Point,308.1074,40.9577,10
34,O010133001008,GRS 1915+105,11/04/2018 06:38,Point,288.7981,10.9458,15
35,O010130601007,GX 17+2,11/04/2018 16:11,Point,274.0057,-14.0363,10
36,O011466101018,MAXI J1820+070,11/04/2018 20:58,Point,275.1083,7.0369,20
37,O010133001009,GRS 1915+105,12/04/2018 06:30,Point,288.7981,10.9458,15
38,O011466101019,MAXI J1820+070,12/04/2018 16:03,Point,275.1083,7.0369,20
39,O010133001010,GRS 1915+105,13/04/2018 03:12,Point,288.7981,10.9458,20
40,O011470901002,H 1417-624,13/04/2018 09:34,Point,215.3033,-62.6983,10
45,O011470901001,H 1417-624,14/04/2018 04:39,Point,215.3033,-62.6983,10
46,O011466101020,MAXI J1820+070,14/04/2018 11:01,Point,275.1083,7.0369,20
47,O010133001011,GRS 1915+105,14/04/2018 20:34,Point,288.7981,10.9458,20
48,O011466101021,MAXI J1820+070,15/04/2018 01:20,Point,275.1083,7.0369,20
49,O011470901003,H 1417-624,15/04/2018 10:53,Point,215.3033,-62.6983,10
50,O010133001012,GRS 1915+105,15/04/2018 15:39,Point,288.7981,10.9458,20
51,O011470901004,H 1417-624,16/04/2018 01:12,Point,215.3033,-62.6983,10
52,O011466101022,MAXI J1820+070,16/04/2018 05:58,Point,275.1083,7.0369,20
53,O010133001013,GRS 1915+105,16/04/2018 15:31,Point,288.7981,10.9458,20
54,O011470901005,H 1417-624,17/04/2018 01:04,Point,215.3033,-62.6983,10
55,O011466101023,MAXI J1820+070,17/04/2018 05:50,Point,275.1083,7.0369,15
56,O010131201004,GX 9+9,17/04/2018 15:23,Point,262.934,-16.9614,20
57,O011470901006,H 1417-624,18/04/2018 00:55,Point,215.3033,-62.6983,10
58,O010131101012,Cen X-3,18/04/2018 05:42,Point,170.3158,-60.623,20
59,O011466101024,MAXI J1820+070,18/04/2018 15:14,Point,275.1083,7.0369,20
60,O011472101001,IGR J16328-4726,19/04/2018 00:47,Point,248.1577,-47.3948,10
61,O010133001014,GRS 1915+105,19/04/2018 05:33,Point,288.7981,10.9458,10
62,O011470901007,H 1417-624,19/04/2018 10:20,Point,215.3033,-62.6983,10
63,O011466101025,MAXI J1820+070,19/04/2018 15:06,Point,275.1083,7.0369,20
64,O011472101002,IGR J16328-4726,20/04/2018 00:39,Point,248.1577,-47.3948,10
65,O011470901008,H 1417-624,20/04/2018 05:25,Point,215.3033,-62.6983,10
66,O010131501010,Cyg X-1,20/04/2018 10:11,Point,299.5903,35.2016,10
67,O011466101026,MAXI J1820+070,20/04/2018 14:58,Point,275.1083,7.0369,20
68,O011470901009,H 1417-624,21/04/2018 00:30,Point,215.3033,-62.6983,10
73,O011466101030,MAXI J1820+070,21/04/2018 18:00,Point,275.1083,7.0369,20
74,O011470901010,H 1417-624,21/04/2018 22:46,Point,215.3033,-62.6983,10
80,O011466101031,MAXI J1820+070,22/04/2018 19:27,Point,275.1083,7.0369,20
81,O011470901011,H 1417-624,23/04/2018 05:00,Point,215.3033,-62.6983,10
82,O010129801013,Cyg X-3,23/04/2018 09:46,Point,308.1074,40.9577,10
83,O010132801005,Sco X-1,23/04/2018 14:32,Point,244.9794,-15.6403,10
84,O011466101027,MAXI J1820+070,23/04/2018 19:19,Point,275.1083,7.0369,20
85,O011470901012,H 1417-624,24/04/2018 06:27,Point,215.3033,-62.6983,10
86,O010130301005,4U 1728-34,24/04/2018 11:13,Point,262.9905,-33.834,20
87,O010130601008,GX 17+2,24/04/2018 20:46,Point,274.0057,-14.0363,10
88,O010129320006,BLANK_SKY20,25/04/2018 00:00,Point,145.0792,23.0907,10
89,O010129311001,BLANK_SKY7,25/04/2018 04:43,Point,312.1284,-36.5756,10
90,O011470901013,H 1417-624,25/04/2018 09:29,Point,215.3033,-62.6983,10
91,O011466101028,MAXI J1820+070,25/04/2018 14:16,Point,275.1083,7.0369,20
92,O010133001015,GRS 1915+105,25/04/2018 23:48,Point,288.7981,10.9458,70
93,O011466101029,MAXI J1820+070,27/04/2018 09:13,Point,275.1083,7.0369,20
94,O011470901014,H 1417-624,27/04/2018 18:46,Point,215.3033,-62.6983,10
95,O010129309001,BLANK_SKY9,27/04/2018 23:32,Point,311.3196,-12.6268,10
96,O010129313001,BLANK_SKY5,28/04/2018 04:19,Point,352.7624,-70.3217,10
97,O010129305005,BLANK_SKY14,28/04/2018 09:05,Point,258.4627,57.472,10
98,O011466101032,MAXI J1820+070,28/04/2018 13:51,Point,275.1083,7.0369,20
99,O011470901015,H 1417-624,28/04/2018 23:24,Point,215.3033,-62.6983,10
106,O011466101033,MAXI J1820+070,29/04/2018 23:16,Point,275.1083,7.0369,15
107,O011470901015,H 1417-624,30/04/2018 08:49,Point,215.3033,-62.6983,10
108,O010133001016,GRS 1915+105,30/04/2018 13:35,Point,288.7981,10.9458,30
,obsID,Name,MNV startTime¥_šUTC¥_Š,obs Mode,J2000_RA,J2000_Dec,Exp(ks)
1,O011465801009,Swift J1658.2-4242,01/03/2018 00:44,Point,254.55,-42.7,15
2,O011465401010,4U 1636-536,01/03/2018 10:16,Point,250.231,-53.751,8
3,O010130301004,4U 1728-34,01/03/2018 15:03,Point,262.9905,-33.834,20
4,O011465801010,Swift J1658.2-4242,02/03/2018 00:36,Point,254.55,-42.7,15
5,O010130901010,GX 301-2,02/03/2018 10:09,Point,186.6565,-62.7703,20
6,O010121003002,Cir X-1,02/03/2018 19:41,Point,230.1702,-57.1667,10
7,O011465801011,Swift J1658.2-4242,03/03/2018 00:28,Point,254.55,-42.7,15
8,O010132801003,Sco X-1,03/03/2018 10:01,Point,244.9794,-15.6403,20
9,O011160501047,Crab,03/03/2018 19:34,Point,83.6331,22.0145,15
10,O010121003003,Cir X-1,04/03/2018 00:20,Point,230.1702,-57.1667,10
11,O011465801012,Swift J1658.2-4242,04/03/2018 05:07,Point,254.55,-42.7,10
12,O011465401012,4U 1636-536,04/03/2018 09:53,Point,250.231,-53.751,10
13,O010130901011,GX 301-2,04/03/2018 14:40,Point,186.6565,-62.7703,10
14,O010131101010,Cen X-3,04/03/2018 19:26,Point,170.3158,-60.623,10
15,O010121003004,Cir X-1,05/03/2018 00:13,Point,230.1702,-57.1667,10
16,O011465801013,Swift J1658.2-4242,05/03/2018 04:59,Point,254.55,-42.7,10
17,O010130901012,GX 301-2,05/03/2018 09:46,Point,186.6565,-62.7703,10
18,O010130601005,GX 17+2,05/03/2018 14:32,Point,274.0057,-14.0363,30
19,O010121003005,Cir X-1,06/03/2018 00:05,Point,230.1702,-57.1667,10
20,O011465801014,Swift J1658.2-4242,06/03/2018 04:52,Point,254.55,-42.7,10
21,O011465401013,4U 1636-536,06/03/2018 09:39,Point,250.231,-53.751,10
22,O010130901013,GX 301-2,06/03/2018 14:25,Point,186.6565,-62.7703,10
25,O010121003006,Cir X-1,07/03/2018 01:34,Point,230.1702,-57.1667,10
26,O011465801015,Swift J1658.2-4242,07/03/2018 06:20,Point,254.55,-42.7,10
27,O010130901014,GX 301-2,07/03/2018 11:07,Point,186.6565,-62.7703,10
31,O011465801016,Swift J1658.2-4242,08/03/2018 01:27,Point,254.55,-42.7,8
32,O010131201002,GX 9+9,08/03/2018 06:13,Point,262.934,-16.9614,30
33,O011465401014,4U 1636-536,08/03/2018 22:09,Point,250.231,-53.751,8
34,O011465801017,Swift J1658.2-4242,09/03/2018 02:55,Point,254.55,-42.7,8
39,O011160501053,Crab,09/03/2018 20:26,Point,83.6331,22.0145,10
40,O011465801018,Swift J1658.2-4242,10/03/2018 01:13,Point,254.55,-42.7,10
41,O011465401015,4U 1636-536,10/03/2018 06:00,Point,250.231,-53.751,10
42,O010129306004,BLANK_SKY13,10/03/2018 10:46,Point,234.3967,-20.1846,10
43,O010129303001,BLANK_SKY17,10/03/2018 15:33,Point,233.4942,-3.4427,10
44,O010129321007,BLANK_SKY15,10/03/2018 20:19,Point,142.4784,5.7199,10
45,O011465801019,Swift J1658.2-4242,11/03/2018 01:06,Point,254.55,-42.7,30
46,O010129305003,BLANK_SKY14,11/03/2018 20:12,Point,258.4627,57.472,10
47,O010129301009,BLANK_SKY21,12/03/2018 00:59,Point,193.2758,68.4275,10
48,O011465401016,4U 1636-536,12/03/2018 05:45,Point,250.231,-53.751,10
49,O010131701001,2A 1822-371,12/03/2018 10:32,Point,276.445,-37.1052,30
50,O011465801020,Swift J1658.2-4242,12/03/2018 21:40,Point,254.55,-42.7,10
51,O011160501054,Crab,13/03/2018 02:27,Point,83.6331,22.0145,80
52,O011466101001,MAXIJ1820+070,14/03/2018 19:50,Point,275.1083,7.0369,30
53,O011465801021,Swift J1658.2-4242,15/03/2018 10:09,Point,254.55,-42.7,30
54,O011465401017,4U 1636-536,16/03/2018 03:39,Point,250.231,-53.751,10
55,O011466101002,MAXI J1820+070,16/03/2018 10:01,Point,275.1083,7.0369,100
56,O011465801022,Swift J1658.2-4242,18/03/2018 14:31,Point,254.55,-42.7,10
57,O010129303002,BLANK_SKY17,18/03/2018 19:17,Point,233.4943,-3.4427,10
58,O010129302001,BLANK_SKY18,19/03/2018 00:04,Point,244.3452,20.0333,10
59,O010129305004,BLANK_SKY14,19/03/2018 04:50,Point,258.4627,57.472,10
60,O010129318009,BLANK_SKY12,19/03/2018 09:36,Point,129.9525,4.7236,10
61,O010129320005,BLANK_SKY20,19/03/2018 14:23,Point,145.0792,23.0907,10
62,O011466801001,Aql X-1,19/03/2018 19:09,Point,287.8169,0.58494,10
63,O011466101005,MAXI J1820+070,20/03/2018 00:00,Point,275.1083,7.0369,30
64,O011160501055,Crab,20/03/2018 14:14,Point,83.6331,22.0145,10
65,O011466801002,Aql X-1,20/03/2018 19:01,Point,287.8169,0.58494,10
66,O011465801025,Swift J1658.2-4242,20/03/2018 23:47,Point,254.55,-42.7,100
67,O011160501056,Crab,22/03/2018 01:14,Point,83.6331,22.0145,10
68,O011466801003,Aql X-1,22/03/2018 06:00,Point,287.8169,0.58494,10
69,O011466101003,MAXI J1820+070,22/03/2018 10:46,Point,275.1083,7.0369,100
70,O011160501057,Crab,24/03/2018 02:32,Point,83.6331,22.0145,10
71,O011466101004,MAXI J1820+070,24/03/2018 07:19,Point,275.1083,7.0369,100
72,O011160501058,Crab,26/03/2018 11:48,Point,83.6331,22.0145,10
78,O011466101006,MAXI J1820+070,27/03/2018 08:29,Point,275.1083,7.0369,10
85,O011466101007,MAXI J1820+070,28/03/2018 09:56,Point,275.1083,7.0369,10
86,O011160501059,Crab,28/03/2018 14:43,Point,83.6331,22.0145,10
87,O011465401019,4U 1636-536,28/03/2018 19:29,Point,250.231,-53.751,15
88,O010133001002,GRS 1915+105,29/03/2018 00:15,Point,288.7981,10.9458,40
89,O011466101008,MAXI J1820+070,29/03/2018 20:56,Point,275.1083,7.0369,10
90,O010131101011,Cen X-3,30/03/2018 01:43,Point,170.3158,-60.623,10
91,O011160501060,Crab,30/03/2018 06:29,Point,83.6331,22.0145,10
92,O011465401020,4U 1636-536,30/03/2018 11:16,Point,250.231,-53.751,10
93,O011466101009,MAXI J1820+070,30/03/2018 16:02,Point,275.1083,7.0369,10
94,O010130601006,GX 17+2,30/03/2018 20:48,Point,274.0057,-14.0363,50
95,O011466101010,MAXI J1820+070,31/03/2018 20:41,Point,275.1083,7.0369,10
,obsID,Name,MNV startTime¥_šUTC¥_Š,obs Mode,J2000_RA,J2000_Dec,Exp(ks)
1,O011457701092,Swift_J0243.6+6124,02/02/2018 01:07,Point,40.918,61.4341,15
2,O011160501045,Crab,02/02/2018 05:53,Point,83.6331,22.0145,10
3,O011452001005,GRO J1008-57,02/02/2018 10:40,Point,152.4333,-58.295,10
4,O011453501010,MAXI J1535-571,02/02/2018 15:26,Point,233.832,-57.23,10
14,O011457701093,Swift_J0243.6+6124,04/02/2018 02:26,Point,40.918,61.4341,10
15,O010131101008,Cen X-3,04/02/2018 07:13,Point,170.3158,-60.623,100
16,O011457701094,Swift_J0243.6+6124,06/02/2018 00:35,Point,40.918,61.4341,15
17,O011453501011,MAXI J1535-571,06/02/2018 05:22,Point,233.832,-57.23,10
18,O010132801002,Sco X-1,06/02/2018 10:08,Point,244.9794,-15.6403,80
19,O010129306002,BLANK_SKY13,08/02/2018 00:20,Point,234.3967,-20.1846,10
20,O010129304002,BLANK_SKY16,08/02/2018 05:06,Point,176.7384,-20.6881,15
21,O011457701095,Swift_J0243.6+6124,08/02/2018 09:52,Point,40.918,61.4341,10
22,O011160501046,Crab,08/02/2018 14:39,Point,83.6331,22.0145,10
23,O011453501012,MAXI J1535-571,08/02/2018 19:25,Point,233.832,-57.23,10
24,O011452001006,GRO J1008-57,09/02/2018 00:12,Point,152.4333,-58.295,20
25,O010129317004,BLANK_SKY1,09/02/2018 04:58,Point,49.5352,-7.315,10
26,O010129310005,BLANK_SKY8,09/02/2018 09:45,Point,50.1817,17.5512,10
27,O010129318008,BLANK_SKY12,09/02/2018 14:31,Point,129.9525,4.7236,10
28,O010132401002,B1509-58,09/02/2018 19:18,Point,228.4813,-59.1358,15
29,O011457701097,Swift_J0243.6+6124,10/02/2018 00:04,Point,40.918,61.4341,15
30,O011452001007,GRO J1008-57,10/02/2018 06:26,Point,152.4333,-58.295,20
40,O011453501013,MAXI J1535-571,11/02/2018 17:27,Point,233.832,-57.23,15
41,O011465401002,4U 1636-536,11/02/2018 23:49,Point,250.231,-53.751,15
42,O011457701098,Swift_J0243.6+6124,12/02/2018 04:36,Point,40.918,61.4341,10
43,O011465501001,Cosmos Field,12/02/2018 09:22,Point,150.1191,2.2058,20
44,O011453501014,MAXI J1535-571,12/02/2018 17:20,Point,233.832,-57.23,10
45,O011452001008,GRO J1008-57,12/02/2018 22:06,Point,152.4333,-58.295,10
46,O011160501048,Crab,13/02/2018 02:52,Point,83.6331,22.0145,10
47,O011465501002,Cosmos Field,13/02/2018 09:14,Point,150.1191,2.2058,20
48,O011465401003,4U 1636-536,13/02/2018 17:12,Point,250.231,-53.751,10
49,O010130901009,GX 301-2,13/02/2018 21:58,Point,186.6565,-62.7703,30
50,O011465501003,Cosmos Field,14/02/2018 09:07,Point,150.1192,2.2058,20
51,O011457701099,Swift_J0243.6+6124,14/02/2018 17:04,Point,40.918,61.4341,10
52,O011453501015,MAXI J1535-571,14/02/2018 21:51,Point,233.832,-57.23,10
53,O011452001009,GRO J1008-57,15/02/2018 02:37,Point,152.4333,-58.295,15
54,O011465501004,Cosmos Field,15/02/2018 08:59,Point,150.1192,2.2058,15
55,O011465401004,4U 1636-536,15/02/2018 16:56,Point,250.231,-53.751,10
56,O010131101009,Cen X-3,15/02/2018 21:43,Point,170.3158,-60.623,55
57,O011457701100,Swift_J0243.6+6124,16/02/2018 10:26,Point,40.918,61.4341,10
58,O011453501016,MAXI J1535-571,16/02/2018 15:13,Point,233.832,-57.23,10
59,O011452001010,GRO J1008-57,16/02/2018 19:59,Point,152.4333,-58.295,10
60,O011465401005,4U 1636-536,17/02/2018 00:46,Point,250.231,-53.751,10
61,O011160501049,Crab,17/02/2018 05:32,Point,83.6331,22.0145,10
62,O010132601007,Cas A,17/02/2018 10:19,Point,350.85,58.815,50
63,O011457701101,Swift_J0243.6+6124,18/02/2018 02:13,Point,40.918,61.4341,10
64,O011453501017,MAXI J1535-571,18/02/2018 07:00,Point,233.832,-57.23,10
65,O011452001011,GRO J1008-57,18/02/2018 11:46,Point,152.4333,-58.295,10
66,O011465401006,4U 1636-536,18/02/2018 16:32,Point,250.231,-53.751,10
76,O011465801001,Swift J1658.2-4242,20/02/2018 01:57,Point,254.55,-42.7,50
77,O011457701102,Swift_J0243.6+6124,21/02/2018 01:49,Point,40.918,61.4341,10
78,O011160501050,Crab,21/02/2018 06:35,Point,83.6331,22.0145,10
79,O011452001012,GRO J1008-57,21/02/2018 11:21,Point,152.4333,-58.295,10
80,O011453501018,MAXI J1535-571,21/02/2018 16:08,Point,233.832,-57.23,10
81,O011465401007,4U 1636-536,21/02/2018 20:54,Point,250.231,-53.751,10
82,O011465801002,Swift J1658.2-4242,22/02/2018 01:41,Point,254.55,-42.7,20
83,O010129320004,BLANK_SKY20,22/02/2018 11:13,Point,145.0791,23.0906,10
84,O010129304003,BLANK_SKY16,22/02/2018 16:00,Point,176.7384,-20.6881,10
85,O010129306003,BLANK_SKY13,22/02/2018 20:46,Point,234.3967,-20.1846,10
86,O011465801003,Swift J1658.2-4242,23/02/2018 01:32,Point,254.55,-42.7,20
87,O010129301008,BLANK_SKY21,23/02/2018 11:05,Point,193.2757,68.4275,10
88,O010129315002,BLANK_SKY3,23/02/2018 15:51,Point,50.3109,-57.196,10
89,O011465401008,4U 1636-536,23/02/2018 20:38,Point,250.231,-53.751,10
90,O011465801004,Swift J1658.2-4242,24/02/2018 01:24,Point,254.55,-42.7,20
96,O011465801005,Swift J1658.2-4242,25/02/2018 02:51,Point,254.55,-42.7,20
101,O011465801006,Swift J1658.2-4242,26/02/2018 01:08,Point,254.55,-42.7,15
102,O010130801006,Her X-1,26/02/2018 10:40,Point,254.4575,35.3423,30
103,O011465401009,4U 1636-536,26/02/2018 20:13,Point,250.231,-53.751,10
104,O011465801007,Swift J1658.2-4242,27/02/2018 01:00,Point,254.55,-42.7,15
105,O011160501051,Crab,27/02/2018 10:32,Point,83.6331,22.0145,10
106,O010131201001,GX 9+9,27/02/2018 15:19,Point,262.934,-16.9614,20
107,O011465801008,Swift J1658.2-4242,28/02/2018 00:52,Point,254.55,-42.7,15
108,O010130401001,GRO J1750-27,28/02/2018 10:24,Point,267.2908,-26.6369,15
109,O011453501020,MAXI J1535-571,28/02/2018 19:57,Point,233.832,-57.23,10
,obsID,Name,MNVstartTime¥_šUTC¥_Š,obsMode,J2000_RA,J2000_Dec,Exp(ks)
5,O011457701075,Swift_J0243.6+6124,01/01/2018 13:08,Point,40.918,61.4341,10
6,O011463801017,1ES 1959+650,01/01/2018 17:54,Point,299.9992,65.1486,10
7,O011160501036,Crab,01/01/2018 22:41,Point,83.6331,22.0145,10
12,O011457701076,Swift_J0243.6+6124,02/01/2018 16:11,Point,40.918,61.4341,10
13,O011463801018,1ES 1959+650,02/01/2018 20:57,Point,299.9992,65.1486,10
14,O010130901005,GX 301-2,03/01/2018 01:44,Point,186.6565,-62.7703,25
15,O011457701077,Swift_J0243.6+6124,03/01/2018 14:27,Point,40.918,61.4341,10
16,O011463801019,1ES 1959+650,03/01/2018 19:14,Point,299.9992,65.1486,10
17,O011160501037,Crab,04/01/2018 00:00,Point,83.6331,22.0145,10
18,O010130901006,GX 301-2,04/01/2018 04:47,Point,186.6565,-62.7703,25
19,O011457701078,Swift_J0243.6+6124,04/01/2018 17:30,Point,40.918,61.4341,10
20,O011463801020,1ES 1959+650,04/01/2018 22:17,Point,299.9992,65.1486,10
21,O010131101004,Cen X-3,05/01/2018 03:03,Point,170.3158,-60.623,25
22,O011463801021,1ES 1959+650,05/01/2018 17:23,Point,299.9992,65.1486,10
23,O011457701079,Swift_J0243.6+6124,05/01/2018 22:09,Point,40.918,61.4341,10
24,O010131101005,Cen X-3,06/01/2018 02:56,Point,170.3158,-60.623,20
25,O011160501038,Crab,06/01/2018 15:40,Point,83.6331,22.0145,10
26,O011463801022,1ES 1959+650,06/01/2018 20:26,Point,299.9992,65.1486,10
32,O011457701080,Swift_J0243.6+6124,07/01/2018 17:08,Point,40.918,61.4341,10
33,O011463801023,1ES 1959+650,07/01/2018 21:54,Point,299.9992,65.1486,10
39,O011463801024,1ES 1959+650,08/01/2018 18:36,Point,299.9992,65.1486,15
40,O010129310002,BLANK_SKY8,09/01/2018 00:59,Point,50.1817,17.5512,10
41,O010129317003,BLANK_SKY1,09/01/2018 05:45,Point,49.5352,-7.315,10
42,O011160501039,Crab,09/01/2018 10:32,Point,83.6331,22.0145,15
43,O011457701081,Swift_J0243.6+6124,09/01/2018 16:54,Point,40.918,61.4341,15
44,O011463801025,1ES 1959+650,09/01/2018 23:17,Point,299.9992,65.1486,15
45,O010129318005,BLANK_SKY12,10/01/2018 05:39,Point,129.9525,4.7236,10
46,O010129321005,BLANK_SKY15,10/01/2018 10:26,Point,142.4784,5.7199,10
47,O010129301006,BLANK_SKY21,10/01/2018 15:13,Point,193.2758,68.4275,10
48,O010131101006,Cen X-3,10/01/2018 20:00,Point,170.3158,-60.623,20
49,O011157901007,Crab_offset,11/01/2018 00:47,Point,82.188,22.6265,10
50,O011457701082,Swift_J0243.6+6124,11/01/2018 05:33,Point,40.918,61.4341,10
51,O010132701007,M87,11/01/2018 10:20,Point,187.7042,12.3911,40
52,O011463801026,1ES 1959+650,12/01/2018 08:40,Point,299.9992,65.1486,10
53,O010132701008,M87,12/01/2018 13:27,Point,187.7042,12.3911,30
54,O011457701083,Swift_J0243.6+6124,13/01/2018 02:12,Point,40.918,61.4341,10
55,O010122301002,Perseus,13/01/2018 06:59,Point,49.9467,41.5131,100
56,O011457701084,Swift_J0243.6+6124,15/01/2018 06:49,Point,40.918,61.4341,10
61,O011160501040,Crab,16/01/2018 01:55,Point,83.6331,22.0145,10
67,O011457701085,Swift_J0243.6+6124,17/01/2018 00:12,Point,40.918,61.4341,10
68,O010129304001,BLANK_SKY16,17/01/2018 04:58,Point,176.7384,-20.6881,10
69,O010129319005,BLANK_SKY19,17/01/2018 09:45,Point,151.749,2.1364,10
70,O010129321006,BLANK_SKY15,17/01/2018 14:31,Point,142.4784,5.7199,10
71,O010129318006,BLANK_SKY12,17/01/2018 19:17,Point,129.9525,4.7236,10
72,O010129310003,BLANK_SKY8,18/01/2018 00:04,Point,50.1817,17.5512,10
73,O010130201003,Cas A,18/01/2018 04:50,Point,350.85,58.815,40
74,O011457701086,Swift_J0243.6+6124,19/01/2018 01:31,Point,40.918,61.4341,10
75,O011160501041,Crab,19/01/2018 06:17,Point,83.6331,22.0145,15
76,O010130901007,GX 301-2,19/01/2018 11:03,Point,186.6565,-62.7703,70
77,O010130801004,Her X-1,20/01/2018 22:03,Point,254.4575,35.3423,40
78,O011457701087,Swift_J0243.6+6124,21/01/2018 18:43,Point,40.918,61.4341,10
79,O011160501042,Crab,21/01/2018 23:30,Point,83.6331,22.0145,10
80,O010130801005,Her X-1,22/01/2018 04:16,Point,254.4575,35.3423,100
81,O010131101007,Cen X-3,24/01/2018 02:23,Point,170.3158,-60.623,50
82,O011457701089,Swift_J0243.6+6124,25/01/2018 00:39,Point,40.918,61.4341,10
87,O011160501043,Crab,25/01/2018 18:09,Point,83.6331,22.0145,10
96,O011457701088,Swift_J0243.6+6124,27/01/2018 00:22,Point,40.918,61.4341,10
103,O010129306001,BLANK_SKY13,28/01/2018 00:14,Point,234.3967,-20.1846,10
104,O010129318007,BLANK_SKY12,28/01/2018 05:00,Point,129.9525,4.7236,10
105,O010129305002,BLANK_SKY14,28/01/2018 09:46,Point,258.4627,57.472,10
106,O010129301007,BLANK_SKY21,28/01/2018 14:32,Point,193.2758,68.4275,10
107,O010129310004,BLANK_SKY8,28/01/2018 19:19,Point,50.1817,17.5512,10
108,O011457701090,Swift_J0243.6+6124,29/01/2018 00:05,Point,40.918,61.4341,15
109,O011160501044,Crab,29/01/2018 04:51,Point,83.6331,22.0145,10
110,O010130901008,GX 301-2,29/01/2018 09:38,Point,186.6565,-62.7703,100
111,O011457701091,Swift_J0243.6+6124,31/01/2018 00:00,Point,40.918,61.4341,15
112,O010132601006,Cas A,31/01/2018 04:35,Point,350.85,58.815,200
,obsID,Name,MNVstartTime¥_šUTC¥_Š,obsMode,J2000_RA,J2000_Dec,Exp(ks)
1,O011457701043,Swift_J0243.6+6124,01/12/2017 01:24,Point,40.918,61.4341,10
2,O011160501019,Crab,01/12/2017 06:11,Point,83.6331,22.0145,10
8,O011457701044,Swift_J0243.6+6124,02/12/2017 02:51,Point,40.918,61.4341,10
9,O010130001010,Cyg X-2,02/12/2017 07:37,Point,326.1715,38.3214,50
10,O011457701045,Swift_J0243.6+6124,02/12/2017 23:32,Point,40.918,61.4341,10
11,O011160501020,Crab,03/12/2017 04:18,Point,83.6331,22.0145,10
12,O010130001011,Cyg X-2,03/12/2017 09:04,Point,326.1715,38.3214,50
13,O011457701046,Swift_J0243.6+6124,04/12/2017 02:34,Point,40.918,61.4341,15
14,O010129316002,BLANK_SKY2,04/12/2017 10:31,Point,57.3952,-24.3781,10
15,O010129318002,BLANK_SKY12,04/12/2017 15:18,Point,129.9525,4.7236,10
16,O010129301003,BLANK_SKY21,04/12/2017 20:04,Point,193.2757,68.4275,10
17,O011457701047,Swift_J0243.6+6124,05/12/2017 00:50,Point,40.918,61.4341,15
18,O011160501021,Crab,05/12/2017 08:48,Point,83.6331,22.0145,15
19,O010129305001,BLANK_SKY14,05/12/2017 16:45,Point,258.4627,57.472,10
20,O010129308002,BLANK_SKY10,05/12/2017 21:31,Point,345.6352,27.1995,10
21,O011457701048,Swift_J0243.6+6124,06/12/2017 02:17,Point,40.918,61.4341,15
26,O011160501022,Crab,06/12/2017 21:23,Point,83.6331,22.0145,10
27,O011457701049,Swift_J0243.6+6124,07/12/2017 03:45,Point,40.918,61.4341,15
33,O011457701050,Swift_J0243.6+6124,08/12/2017 02:01,Point,40.918,61.4341,10
34,O010129801008,Cyg X-3,08/12/2017 06:47,Point,308.1074,40.9577,50
35,O011457701051,Swift_J0243.6+6124,09/12/2017 00:17,Point,40.918,61.4341,10
36,O011160501023,Crab,09/12/2017 05:04,Point,83.6331,22.0145,10
37,O010129801009,Cyg X-3,09/12/2017 09:50,Point,308.1074,40.9577,50
39,O011457701052,Swift_J0243.6+6124,10/12/2017 11:17,Point,40.918,61.4341,10
40,O010129317002,BLANK_SKY1,10/12/2017 16:04,Point,49.5352,-7.315,10
41,O010129316003,BLANK_SKY2,10/12/2017 20:50,Point,57.3952,-24.3781,10
42,O010129321004,BLANK_SKY15,11/12/2017 01:36,Point,142.4784,5.7199,10
43,O011457701053,Swift_J0243.6+6124,11/12/2017 06:23,Point,40.918,61.4341,10
44,O011160501024,Crab,11/12/2017 11:09,Point,83.6331,22.0145,10
45,O010129319002,BLANK_SKY19,11/12/2017 15:56,Point,151.749,2.1364,10
46,O010129308003,BLANK_SKY10,11/12/2017 20:42,Point,345.6353,27.1995,10
47,O011457701054,Swift_J0243.6+6124,12/12/2017 01:28,Point,40.918,61.4341,10
53,O011457701055,Swift_J0243.6+6124,12/12/2017 23:45,Point,40.918,61.4341,10
54,O011160501025,Crab,13/12/2017 07:42,Point,83.6331,22.0145,10
59,O011457701056,Swift_J0243.6+6124,14/12/2017 09:10,Point,40.918,61.4341,10
60,O010131101002,Cen X-3,14/12/2017 13:56,Point,170.3157,-60.6229,50
61,O011160501026,Crab,15/12/2017 17:00,Point,83.6331,22.0145,10
62,O011457701057,Swift_J0243.6+6124,15/12/2017 21:46,Point,40.918,61.4341,10
63,O010132701001,M87,16/12/2017 02:33,Point,187.7041,12.3911,30
64,O011463801001,1ES 1959+650,16/12/2017 16:52,Point,299.9991,65.1486,10
65,O011457701058,Swift_J0243.6+6124,16/12/2017 21:38,Point,40.918,61.4341,10
66,O011160501027,Crab,17/12/2017 02:25,Point,83.6331,22.0145,10
67,O010132701002,M87,17/12/2017 07:11,Point,187.7041,12.3911,30
68,O011463801002,1ES 1959+650,17/12/2017 18:20,Point,299.9991,65.1486,10
69,O010132701006,M87,17/12/2017 23:06,Point,187.7041,12.3911,30
70,O011457701061,Swift_J0243.6+6124,18/12/2017 11:50,Point,40.918,61.4341,10
71,O011463801003,1ES 1959+650,18/12/2017 16:36,Point,299.9991,65.1486,10
72,O011160501029,Crab,18/12/2017 21:23,Point,83.6331,22.0145,10
73,O010132701005,M87,19/12/2017 02:09,Point,187.7041,12.3911,30
74,O011457701062,Swift_J0243.6+6124,19/12/2017 18:04,Point,40.918,61.4341,10
75,O011463801004,1ES 1959+650,19/12/2017 22:50,Point,299.9991,65.1486,10
76,O010129308004,BLANK_SKY10,20/12/2017 03:37,Point,345.6353,27.1995,10
77,O010129319003,BLANK_SKY19,20/12/2017 08:23,Point,151.749,2.1364,10
78,O010129318003,BLANK_SKY12,20/12/2017 13:10,Point,129.9525,4.7236,10
79,O011457701063,Swift_J0243.6+6124,20/12/2017 17:56,Point,40.918,61.4341,10
80,O011463801005,1ES 1959+650,20/12/2017 22:43,Point,299.9992,65.1486,10
81,O011160501030,Crab,21/12/2017 03:29,Point,83.6331,22.0145,10
82,O010129301004,BLANK_SKY21,21/12/2017 08:15,Point,193.2758,68.4275,10
83,O010129315001,BLANK_SKY3,21/12/2017 13:02,Point,50.3109,-57.196,10
84,O011457701064,Swift_J0243.6+6124,21/12/2017 17:48,Point,40.918,61.4341,10
85,O011463801006,1ES 1959+650,21/12/2017 22:35,Point,299.9992,65.1486,10
90,O011457701065,Swift_J0243.6+6124,22/12/2017 16:05,Point,40.918,61.4341,10
91,O011463801007,1ES 1959+650,22/12/2017 20:51,Point,299.9992,65.1486,10
92,O011160501031,Crab,23/12/2017 01:38,Point,83.6331,22.0145,10
96,O011457701066,Swift_J0243.6+6124,23/12/2017 17:32,Point,40.918,61.4341,10
97,O011463801008,1ES 1959+650,23/12/2017 22:19,Point,299.9992,65.1486,10
100,O011457701067,Swift_J0243.6+6124,24/12/2017 09:27,Point,40.918,61.4341,10
101,O011463801009,1ES 1959+650,24/12/2017 14:13,Point,299.9992,65.1486,10
102,O011160501031,Crab,24/12/2017 19:00,Point,83.6331,22.0145,10
103,O010131101003,Cen X-3,24/12/2017 23:46,Point,170.3157,-60.6229,50
104,O011457701068,Swift_J0243.6+6124,25/12/2017 17:16,Point,40.918,61.4341,10
105,O011463801010,1ES 1959+650,25/12/2017 22:03,Point,299.9992,65.1486,10
106,O010129801010,Cyg X-3,26/12/2017 02:49,Point,308.1074,40.9577,30
107,O011457701069,Swift_J0243.6+6124,26/12/2017 17:08,Point,40.918,61.4341,10
108,O011463801011,1ES 1959+650,26/12/2017 21:54,Point,299.9992,65.1486,10
109,O010129801011,Cyg X-3,27/12/2017 02:41,Point,308.1074,40.9577,20
110,O011160501033,Crab,27/12/2017 10:38,Point,83.6331,22.0145,10
111,O011457701070,Swift_J0243.6+6124,27/12/2017 15:24,Point,40.918,61.4341,10
112,O011463801012,1ES 1959+650,27/12/2017 20:11,Point,299.9992,65.1486,10
113,O010130201001,Cas A,28/12/2017 00:57,Point,350.85,58.815,30
114,O011457701071,Swift_J0243.6+6124,28/12/2017 15:16,Point,40.918,61.4341,10
115,O011463801013,1ES 1959+650,28/12/2017 20:02,Point,299.9992,65.1486,10
116,O011160501034,Crab,29/12/2017 00:49,Point,83.6331,22.0145,10
117,O010130201002,Cas A,29/12/2017 07:11,Point,350.85,58.815,15
118,O011457701072,Swift_J0243.6+6124,29/12/2017 15:08,Point,40.918,61.4341,10
119,O011463801014,1ES 1959+650,29/12/2017 19:54,Point,299.9992,65.1486,10
120,O010129308005,BLANK_SKY10,30/12/2017 00:41,Point,345.6353,27.1995,10
121,O010129318004,BLANK_SKY12,30/12/2017 05:27,Point,129.9525,4.7236,6
122,O010129319004,BLANK_SKY19,30/12/2017 10:13,Point,151.749,2.1364,10
123,O011457701073,Swift_J0243.6+6124,30/12/2017 15:00,Point,40.918,61.4341,10
124,O011463801015,1ES 1959+650,30/12/2017 19:46,Point,299.9992,65.1486,10
125,O011160501035,Crab,31/12/2017 00:32,Point,83.6331,22.0145,8
126,O010129316004,BLANK_SKY2,31/12/2017 05:19,Point,57.3952,-24.3781,8
127,O010129301005,BLANK_SKY21,31/12/2017 10:05,Point,193.2758,68.4275,15
128,O011457701074,Swift_J0243.6+6124,31/12/2017 14:52,Point,40.918,61.4341,10
129,O011463801016,1ES 1959+650,31/12/2017 19:38,Point,299.9992,65.1486,10
,obsID,Name,MNVstartTime¥_šUTC¥_Š,obsMode,J2000_RA,J2000_Dec,Exp(ks)
6,O011158001003,PSR J2032+4127,01/11/2017 17:52,Point,308.0547,41.4568,10
7,O011457701016,Swift_J0243.6+6124,01/11/2017 22:39,Point,40.918,61.4341,10
8,O010129317001,BLANK_SKY1,02/11/2017 05:00,Point,49.5352,-7.315,25
9,O010129314001,BLANK_SKY4,02/11/2017 17:44,Point,327.119,-42.4725,30
10,O011457701017,Swift_J0243.6+6124,03/11/2017 04:52,Point,40.918,61.4341,30
11,O010129310001,BLANK_SKY8,03/11/2017 17:36,Point,50.1817,17.5512,30
12,O011457701018,Swift_J0243.6+6124,04/11/2017 04:44,Point,40.918,61.4341,10
14,O011457701019,Swift_J0243.6+6124,05/11/2017 12:33,Point,40.918,61.4341,20
15,O010131501003,Cyg X-1,05/11/2017 20:30,Point,299.5903,35.2016,10
16,O010132601004,CasA,06/11/2017 01:17,Point,350.8499,58.815,50
17,O011457701020,Swift_J0243.6+6124,06/11/2017 23:33,Point,40.918,61.4341,10
18,O010132601005,CasA,07/11/2017 04:19,Point,350.8499,58.815,50
22,O011457701021,Swift_J0243.6+6124,08/11/2017 12:09,Point,40.918,61.4341,20
26,O011160501001,Crab,09/11/2017 04:03,Point,83.6331,22.0145,40
27,O011457701022,Swift_J0243.6+6124,10/11/2017 00:44,Point,40.918,61.4341,8
28,O010130001004,Cyg X-2,10/11/2017 05:31,Point,326.1715,38.3214,25
29,O011160501002,Crab,10/11/2017 16:39,Point,83.6331,22.0145,20
30,O011457701023,Swift_J0243.6+6124,11/11/2017 00:36,Point,40.918,61.4341,8
31,O010130001005,Cyg X-2,11/11/2017 05:23,Point,326.1715,38.3214,25
32,O011160501003,Crab,11/11/2017 16:31,Point,83.6331,22.0145,21
33,O011457701024,Swift_J0243.6+6124,12/11/2017 00:29,Point,40.918,61.4341,8
34,O010130001006,Cyg X-2,12/11/2017 05:15,Point,326.1715,38.3214,25
35,O011160501004,Crab,12/11/2017 16:24,Point,83.6331,22.0145,22
36,O011457701025,Swift_J0243.6+6124,13/11/2017 00:21,Point,40.918,61.4341,8
37,O010130001007,Cyg X-2,13/11/2017 05:08,Point,326.1715,38.3214,25
38,O011160501005,Crab,13/11/2017 16:16,Point,83.6331,22.0145,23
39,O011457701026,Swift_J0243.6+6124,14/11/2017 00:14,Point,40.918,61.4341,10
40,O010129801002,Cyg X-3,14/11/2017 05:00,Point,308.1074,40.9577,25
41,O011160501006,Crab,14/11/2017 16:09,Point,83.6331,22.0145,25
42,O011457701027,Swift_J0243.6+6124,15/11/2017 00:07,Point,40.918,61.4341,10
43,O010129801003,Cyg X-3,15/11/2017 04:53,Point,308.1074,40.9577,25
44,O011160501007,Crab,15/11/2017 16:02,Point,83.6331,22.0145,25
45,O011457701028,Swift_J0243.6+6124,16/11/2017 00:00,Point,40.918,61.4341,10
46,O010129801004,Cyg X-3,16/11/2017 04:47,Point,308.1074,40.9577,25
47,O011160501008,Crab,16/11/2017 15:56,Point,83.6331,22.0145,15
48,O011157901004,Crab offset,16/11/2017 20:43,Point,85.1883,21.1787,10
49,O011457701029,Swift_J0243.6+6124,17/11/2017 01:29,Point,40.918,61.4341,10
50,O010129801005,Cyg X-3,17/11/2017 06:16,Point,308.1074,40.9577,20
51,O011160501009,Crab,17/11/2017 15:50,Point,83.6331,22.0145,15
52,O010131501004,Cyg X-1,17/11/2017 20:37,Point,299.5903,35.2016,15
53,O011457701030,Swift_J0243.6+6124,18/11/2017 01:24,Point,40.918,61.4341,10
54,O010129316001,BLANK_SKY2,18/11/2017 06:11,Point,57.3952,-24.3781,10
55,O010129318001,BLANK_SKY12,18/11/2017 10:58,Point,129.9525,4.7236,10
56,O011160501010,Crab,18/11/2017 15:45,Point,83.6331,22.0145,15
57,O010129319001,BLANK_SKY19,18/11/2017 20:32,Point,151.749,2.1364,10
58,O011457701031,Swift_J0243.6+6124,19/11/2017 01:19,Point,40.918,61.4341,10
59,O011162201001,Vega,19/11/2017 06:06,Point,279.2347,38.7837,10
60,O011157901005,Crab offset,19/11/2017 10:53,Point,85.2021,22.0071,15
61,O011160501011,Crab,19/11/2017 15:40,Point,83.6331,22.0145,15
62,O011157901006,Crab offset,19/11/2017 20:27,Point,85.9493,21.9967,20
63,O011457701032,Swift_J0243.6+6124,20/11/2017 06:01,Point,40.918,61.4341,15
64,O010129301001,BLANK_SKY21,20/11/2017 10:47,Point,193.2758,68.4275,10
65,O011160501012,Crab,20/11/2017 15:34,Point,83.6331,22.0145,10
66,O010129312001,BLANK_SKY6,20/11/2017 18:46,Point,322.5919,-23.0951,10
67,O011457701033,Swift_J0243.6+6124,20/11/2017 23:33,Point,40.918,61.4341,10
68,O010131501005,Cyg X-1,21/11/2017 04:19,Point,299.5903,35.2016,30
69,O011160501013,Crab,21/11/2017 17:04,Point,83.6331,22.0145,10
70,O011158001004,PSR J2032+4127,21/11/2017 21:51,Point,308.0547,41.4568,10
71,O011457701034,Swift_J0243.6+6124,22/11/2017 02:38,Point,40.918,61.4341,10
76,O011457701035,Swift_J0243.6+6124,22/11/2017 20:09,Point,40.918,61.4341,10
77,O011160501014,Crab,23/11/2017 00:55,Point,83.6331,22.0145,10
84,O011457701036,Swift_J0243.6+6124,24/11/2017 00:47,Point,40.918,61.4341,10
89,O010130001008,Cyg X-2,24/11/2017 18:18,Point,326.1715,38.3214,10
92,O011457701037,Swift_J0243.6+6124,25/11/2017 05:26,Point,40.918,61.4341,10
93,O011160501015,Crab,25/11/2017 10:12,Point,83.6331,22.0145,10
94,O010129801006,Cyg X-3,25/11/2017 14:58,Point,308.1074,40.9577,10
95,O010131501006,Cyg X-1,25/11/2017 19:45,Point,299.5903,35.2016,10
96,O011457701038,Swift_J0243.6+6124,26/11/2017 00:31,Point,40.918,61.4341,10
97,O010130001009,Cyg X-2,26/11/2017 05:17,Point,326.1715,38.3214,10
98,O010129801007,Cyg X-3,26/11/2017 10:04,Point,308.1074,40.9577,10
99,O010129320003,BLANK_SKY20,26/11/2017 14:50,Point,145.0792,23.0907,10
100,O010129321003,BLANK_SKY15,26/11/2017 19:36,Point,142.4784,5.7199,10
101,O011457701039,Swift_J0243.6+6124,27/11/2017 00:23,Point,40.918,61.4341,10
102,O011160501016,Crab,27/11/2017 05:09,Point,83.6331,22.0145,10
103,O010129301002,BLANK_SKY21,27/11/2017 09:55,Point,193.2758,68.4275,10
104,O010129307001,BLANK_SKY11,27/11/2017 14:42,Point,319.0534,3.8279,10
105,O010129308001,BLANK_SKY10,27/11/2017 19:28,Point,345.6353,27.1995,10
106,O011457701040,Swift_J0243.6+6124,28/11/2017 00:14,Point,40.918,61.4341,10
107,O010131501007,Cyg X-1,28/11/2017 05:01,Point,299.5903,35.2016,30
108,O011160501017,Crab,28/11/2017 19:19,Point,83.6331,22.0145,10
109,O011457701041,Swift_J0243.6+6124,29/11/2017 00:06,Point,40.918,61.4341,10
110,O010131501008,Cyg X-1,29/11/2017 04:52,Point,299.5903,35.2016,30
111,O011160501018,Crab,29/11/2017 20:46,Point,83.6331,22.0145,10
112,O011457701042,Swift_J0243.6+6124,30/11/2017 01:33,Point,40.918,61.4341,10
,obsID,Name,MNVstartTime¥_šUTC¥_Š,obsMode,J2000_RA,J2000_Dec,Exp(ks)
1,O011157301001,GX339-4,01/10/2017 01:15,Point,255.7056,-48.7896,100
13,O011457701001,Swift J0243.6+6124,07/10/2017 00:27,Point,40.918,61.434,100
25,O010130001002,Cyg X-2,16/10/2017 10:23,Point,326.1714,38.3214,40
26,O011457701002,Swift_J0243.6+6124,17/10/2017 00:42,Point,40.918,61.4341,10
27,O010130001003,Cyg X-2,17/10/2017 05:28,Point,326.1715,38.3214,40
28,O011457701003,Swift_J0243.6+6124,18/10/2017 00:34,Point,40.918,61.4341,10
35,O011457701004,Swift_J0243.6+6124,19/10/2017 00:27,Point,40.918,61.4341,10
42,O011457701005,Swift_J0243.6+6124,20/10/2017 00:19,Point,40.918,61.4341,12
43,O011157901001,Crab offset,20/10/2017 06:41,Point,85.0429,19.821,10
44,O011157901002,Crab offset,20/10/2017 11:28,Point,85.1262,20.5561,10
45,O011157901003,Crab offset,20/10/2017 17:50,Point,85.8659,20.5565,15
46,O011457701006,Swift_J0243.6+6124,21/10/2017 03:23,Point,40.918,61.4341,12
47,O010123701001,Cyg X-3,21/10/2017 08:09,Point,308.1074,40.9577,75
48,O011457701007,Swift_J0243.6+6124,22/10/2017 19:10,Point,40.918,61.4341,12
49,O011158001001,PSR J2032+4127,23/10/2017 00:00,Point,308.0547,41.4568,12
55,O011457701008,Swift_J0243.6+6124,23/10/2017 20:38,Point,40.918,61.4341,12
61,O011457701010,Swift_J0243.6+6124,24/10/2017 17:20,Point,40.918,61.4341,10
62,O011158001002,PSR J2032+4127,24/10/2017 22:06,Point,308.0547,41.4568,10
64,O011457701011,Swift_J0243.6+6124,26/10/2017 01:10,Point,40.918,61.4341,50
65,O010122301001,Perseus,27/10/2017 01:02,Point,49.9467,41.5131,100
66,O011457701012,Swift_J0243.6+6124,28/10/2017 20:00,Point,40.918,61.4341,10
67,O010131001002,GRS 1915+105,29/10/2017 00:46,Point,288.7981,10.9458,40
68,O011457701013,Swift_J0243.6+6124,29/10/2017 19:52,Point,40.918,61.4341,10
69,O010131001003,GRS 1915+105,30/10/2017 00:38,Point,288.7981,10.9458,40
70,O011457701014,Swift_J0243.6+6124,30/10/2017 19:44,Point,40.918,61.4341,10
76,O010131501002,Cyg X-1,31/10/2017 16:25,Point,299.5903,35.2016,10
77,O011457701015,Swift_J0243.6+6124,31/10/2017 21:11,Point,40.918,61.4341,10
,obsID,Name,MNVstartTime¥_šUTC¥_Š,obsMode,J2000_RA,J2000_Dec,Exp(ks)
1,O010129901002,Crab,01/09/2017 00:00,Point,83.6331,22.0145,130
2,O010129701001,B1509-58,03/09/2017 01:39,Point,228.4813,-59.1358,7
3,O010129901003,Crab,03/09/2017 04:50,Point,83.6331,22.0145,20
4,O010129701002,B1509-58,03/09/2017 17:34,Point,228.4813,-59.1358,6
5,O010129901004,Crab,03/09/2017 20:45,Point,83.6331,22.0145,26
6,O011153301001,Burst,04/09/2017 09:29,Point,95.9,-39.9,10
7,O010129701003,B1509-58,04/09/2017 15:50,Point,228.4813,-59.1358,6
8,O010129901005,Crab,04/09/2017 20:37,Point,83.6331,22.0145,20
9,O011153401001,MAXI J1543-564,05/09/2017 07:45,Point,235.823,-56.414,50
10,O011453501001,MAXI J1535-571,06/09/2017 07:37,Point,233.832,-57.23,100
11,O010129703002,Crab,13/09/2017 08:15,Point,83.6331,22.0145,8
12,O010129701004,B1509-58,13/09/2017 11:26,Point,228.4813,-59.1358,20
13,O010129702001,B0540-69,13/09/2017 17:47,Point,85.0452,-69.3317,25
14,O011453501002,MAXI J1535-571,14/09/2017 04:56,Point,233.832,-57.23,8
15,O010129701005,B1509-58,14/09/2017 08:07,Point,228.4813,-59.1358,20
16,O010129702002,B0540-69,14/09/2017 14:28,Point,85.0452,-69.3317,25
17,O010129703003,Crab,15/09/2017 01:37,Point,83.6331,22.0145,8
18,O011453501003,MAXI J1535-571,15/09/2017 04:48,Point,233.832,-57.23,8
19,O010129701006,B1509-58,15/09/2017 07:58,Point,228.4813,-59.1358,20
20,O010129702003,B0540-69,15/09/2017 14:20,Point,85.0452,-69.3317,25
21,O010129703004,Crab,16/09/2017 03:04,Point,83.6331,22.0145,8
22,O011453501003,MAXI J1535-571,16/09/2017 06:15,Point,233.832,-57.23,8
23,O010129701007,B1509-58,16/09/2017 09:26,Point,228.4813,-59.1358,20
24,O010129702004,B0540-69,16/09/2017 15:48,Point,85.0452,-69.3317,25
25,O010129703005,Crab,17/09/2017 02:56,Point,83.6331,22.0145,5
26,O011453501005,MAXI J1535-571,17/09/2017 06:07,Point,233.832,-57.23,8
27,O010129701008,B1509-58,17/09/2017 09:18,Point,228.4813,-59.1358,20
28,O010129702005,B0540-69,17/09/2017 15:40,Point,85.0452,-69.3317,25
29,O011453501006,MAXI J1535-571,18/09/2017 02:48,Point,233.832,-57.23,8
30,O010129701009,B1509-58,18/09/2017 05:59,Point,228.4813,-59.1358,20
31,O010129702006,B0540-69,18/09/2017 12:21,Point,85.0452,-69.3317,25
32,O010129701010,B1509-58,19/09/2017 01:05,Point,228.4813,-59.1358,60
33,O011453501007,MAXI J1535-571,19/09/2017 23:22,Point,233.832,-57.23,8
34,O011455001001,0817_C,20/09/2017 02:33,Point,36.2267,52.6293,60
35,O011453501009,MAXI J1535-571,21/09/2017 02:26,Point,233.832,-57.23,150
36,O011455001003,0817_C,24/09/2017 00:29,Point,36.2267,52.6293,150
49,O010129901006,Crab,29/09/2017 17:25,Point,83.6331,22.0145,70
,obsID,Name,MNVstartTime¥_šUTC¥_Š,obsMode,J2000_RA,J2000_Dec,Exp(ks)
1,O011433501001,Granat 1716-249,25/06/2017 02:23,Point,259.9039,-25.0176,100
2,O010124701001,Vela X-1,27/06/2017 00:33,Point,135.5286,-40.5547,120
17,O010130801001,Her X-1,01/07/2017 03:21,Point,254.4575,35.3423,100
18,O010132801001,Sco X-1,03/07/2017 00:01,Point,244.9794,-15.6402,50
19,O010132401001,PSR B1509-58,04/07/2017 01:32,Point,228.4813,-59.1357,100
21,O010132601001,Cas A,08/07/2017 01:02,Point,350.8499,58.815,100
23,O010132601002,Cas A,11/07/2017 00:37,Point,350.8499,58.815,150
25,O010132601003,Cas A,15/07/2017 00:03,Point,350.8499,58.815,50
34,O010133001001,GRS 1915+105,17/07/2017 01:22,Point,288.7981,10.9457,100
35,O010132201001,B0540-69,19/07/2017 01:05,Point,85.0452,-69.3317,200
51,O010131101001,Cen X-3,25/07/2017 00:17,Point,170.3157,-60.6229,100
52,O010131001001,GRS 1915+105,27/07/2017 03:12,Point,288.7981,10.9457,50
53,O010130001001,Cyg X-2,28/07/2017 04:40,Point,326.1714,38.3214,50
54,O011433501002,Granat 1716-249,28/07/2017 11:02,Point,259.9039,-25.0176,130
57,O011151601001,H1743-322,31/07/2017 04:18,Point,266.565,-32.2333,100
,obsID,Name,MNVstartTime¥_šUTC¥_Š,obsMode,J2000_RA,J2000_Dec,Exp(ks)
1,O011151701001,4U 0115+63,02/08/2017 04:03,Point,19.6325,63.7425,50
2,O011151601002,H 1743-322,03/08/2017 02:20,Point,266.565,-32.2333,5
3,O010130901001,GX 301-2,03/08/2017 05:31,Point,186.6565,-62.7703,50
4,O011151601004,H1743-322,04/08/2017 05:23,Point,266.565,-32.2333,5
5,O011151701002,4U 0115+63,04/08/2017 08:34,Point,19.6325,63.7425,5
6,O010130901004,GX 301-2,04/08/2017 11:45,Point,186.6565,-62.7703,30
7,O011151601005,H1743-322,05/08/2017 00:29,Point,266.565,-32.2333,5
8,O011151701003,4U 0115+63,05/08/2017 03:40,Point,19.6325,63.7425,5
9,O010130801002,Her X-1,05/08/2017 06:51,Point,254.4575,35.3423,50
10,O011151601006,H1743-322,06/08/2017 06:43,Point,266.565,-32.2333,5
11,O011151701004,4U 0115+63,06/08/2017 09:54,Point,19.6325,63.7425,5
12,O010130801003,Her X-1,06/08/2017 13:05,Point,254.4575,35.3423,35
14,O011151601007,H1743-322,07/08/2017 03:24,Point,266.565,-32.2333,5
15,O011151701005,4U 0115+63,07/08/2017 06:35,Point,19.6325,63.7425,5
22,O011151601008,H1743-322,08/08/2017 04:52,Point,266.565,-32.2333,5
23,O011151701006,4U 0115+63,08/08/2017 08:03,Point,19.6325,63.7425,5
30,O011151601009,H1743-322,09/08/2017 06:19,Point,266.565,-32.2333,5
31,O011151701007,4U 0115+63,09/08/2017 09:30,Point,19.6325,63.7425,5
45,O011151601010,H1743-322,11/08/2017 06:03,Point,266.565,-32.2333,5
46,O011151701008,4U 0115+63,11/08/2017 09:14,Point,19.6325,63.7425,30
47,O011452001001,GRO J1008-57,11/08/2017 21:58,Point,152.4333,-58.295,50
48,O011151601011,H1743-322,12/08/2017 20:15,Point,266.565,-32.2333,8
49,O010132001001,GS 1826-238,13/08/2017 01:01,Point,277.3675,-23.7969,40
50,O011151601012,H1743-322,13/08/2017 21:42,Point,266.565,-32.2333,5
63,O011151601013,H1743-322,15/08/2017 15:04,Point,266.565,-32.2333,8
64,O011151701010,4U 0115+63,15/08/2017 19:51,Point,19.6325,63.7425,30
65,O011452001002,GRO J1008-57,16/08/2017 08:35,Point,152.4333,-58.295,80
70,O011452001003,GRO J1008-57,18/08/2017 11:30,Point,152.4333,-58.295,80
83,O011151601015,H1743-322,22/08/2017 12:36,Point,266.565,-32.2333,5
84,O011151701011,4U 0115+63,22/08/2017 15:47,Point,19.6325,63.7425,30
91,O011151601016,H1743-322,23/08/2017 23:38,Point,266.565,-32.2333,8
92,O010131501001,Cyg X-1,24/08/2017 02:49,Point,299.5902,35.2016,80
93,O011151601017,H1743-322,25/08/2017 20:14,Point,266.565,-32.2333,8
94,O010130601001,GX 17+2,26/08/2017 01:00,Point,274.0057,-14.0362,28
95,O010130301001,4U 1728-34,26/08/2017 13:45,Point,262.9905,-33.834,27
96,O010129901001,Crab,27/08/2017 04:05,Point,83.6331,22.0145,98
97,O010130601002,GX 17+2,28/08/2017 03:59,Point,274.0057,-14.0363,25
98,O010130301002,4U 1728-34,28/08/2017 16:43,Point,262.9905,-33.834,25
111,O010130601003,GX 17+2,31/08/2017 02:02,Point,274.0057,-14.0363,20
112,O010129901002,Crab,31/08/2017 10:00,Point,83.6331,22.0145,130