,Name,obs Mode,J2000_RA,J2000_Dec
15,1RXS J1708-4009,Point,257.195,-40.127
71,4U 1608-52,Point,243.1792,-52.4231
47,4U 1608-52,Point,243.1792,-52.4231
39,4U 1608-52,Point,243.1792,-52.4231
21,4U 1608-52,Point,243.1792,-52.4231
51,4U 1608-52,Point,243.1792,-52.4231
54,4U 1608-52,Point,243.1792,-52.4231
17,4U 1608-52,Point,243.1792,-52.4231
36,4U 1608-52,Point,243.1792,-52.4231
58,4U 1608-52,Point,243.1792,-52.4231
42,4U 1608-52,Point,243.1792,-52.4231
13,4U 1608-52,Point,243.1792,-52.4231
10,4U 1608-52,Point,243.1792,-52.4231
62,4U 1608-52,Point,243.1792,-52.4231
7,4U 1608-52,Point,243.1792,-52.4231
31,4U 1608-52,Point,243.1792,-52.4231
4,4U 1608-52,Point,243.1792,-52.4231
65,4U 1608-52,Point,243.1792,-52.4231
1,4U 1608-52,Point,243.1792,-52.4231
60,4U 1608-52,Point,243.1792,-52.4231
26,4U 1608-52,Point,243.1792,-52.4231
12,4U 1636-53,Point,250.2312,-53.7513
37,4U 1636-53,Point,250.2312,-53.7514
63,4U 1636-53,Point,250.2312,-53.7514
3,Cen X-3,Point,170.3129,-60.6238
38,GRO J1008-57,Point,152.4421,-58.2919
41,GRO J1008-57,Point,152.4421,-58.2919
57,GRO J1008-57,Point,152.4421,-58.2919
50,GRO J1008-57,Point,152.4421,-58.2919
53,GRO J1008-57,Point,152.4421,-58.2919
61,GRO J1008-57,Point,152.4421,-58.2919
64,GRO J1008-57,Point,152.4421,-58.2919
46,GRO J1008-57,Point,152.4421,-58.2919
70,GRO J1008-57,Point,152.4421,-58.2919
35,GRO J1008-57,Point,152.4421,-58.2919
2,GRO J1008-57,Point,152.4421,-58.2919
30,GRO J1008-57,Point,152.4421,-58.2919
5,GRO J1008-57,Point,152.4421,-58.2919
8,GRO J1008-57,Point,152.4421,-58.2919
25,GRO J1008-57,Point,152.4421,-58.2919
20,GRO J1008-57,Point,152.4421,-58.2919
11,GRO J1008-57,Point,152.4421,-58.2919
16,GRO J1008-57,Point,152.4421,-58.2919
6,GX 301-2,Point,186.6565,-62.7704
9,GX 301-2,Point,186.6565,-62.7704
40,Sco X-1,Point,244.9795,-15.6403
52,Sco X-1,Point,244.9795,-15.6403
59,Vela X-1,Point,135.5286,-40.5547
18,blank_sky3,Point,50.3109,-57.196
19,blank_sky4,Point,327.119,-42.4725
22,blanksky11,Point,319.0534,3.8279
23,blanksky16,Point,176.7384,-20.6881
24,blanksky21,Point,193.2758,68.4275
,Name,obs Mode,J2000_RA,J2000_Dec
1,SGR 1935+2154,Point,293.732,21.8967
98,SGR 1935+2154,Point,293.732,21.8967
134,SGR 1935+2154,Point,293.73,21.9
267,SGR 1935+2154,Point,293.7319,21.8967
329,SGR 1935+2154,Point,293.7319,21.8967
359,SGR 1935+2154,Point,293.7319,21.8967
391,SGR 1935+2154,Point,293.7319,21.8967
421,SGR 1935+2154,Point,293.7319,21.8967
453,SGR 1935+2154,Point,293.7319,21.8967
485,SGR 1935+2154,Point,293.7319,21.8967
,Name,obs Mode,J2000_RA,J2000_Dec
27,4U 1630-472,Point,248.5067,-47.393
51,4U 1630-472,Point,248.5067,-47.393
100,4U 1630-472,Point,248.5067,-47.393
112,4U 1630-472,Point,248.5067,-47.393
61,4U 1630-472,Point,248.5067,-47.393
65,4U 1630-472,Point,248.5067,-47.393
41,4U 1630-472,Point,248.5067,-47.393
38,4U 1630-472,Point,248.5067,-47.393
34,4U 1630-472,Point,248.5067,-47.393
69,4U 1630-472,Point,248.5067,-47.393
82,4U 1630-472,Point,248.5067,-47.393
24,4U 1630-472,Point,248.5067,-47.393
22,4U 1630-472,Point,248.5067,-47.393
18,4U 1630-472,Point,248.5067,-47.393
16,4U 1630-472,Point,248.5067,-47.393
55,4U 1630-472,Point,248.5067,-47.393
95,4U 1630-472,Point,248.5067,-47.393
1,4U 1630-472,Point,248.5067,-47.393
12,4U 1630-472,Point,248.5067,-47.393
86,4U 1630-472,Point,248.5067,-47.393
17,Cen X-3,Point,170.3129,-60.6238
101,Cir X-1,Point,230.1702,-57.1667
36,Cir X-1,Point,230.1702,-57.1667
87,Cir X-1,Point,230.1702,-57.1667
66,Cir X-1,Point,230.1702,-57.1667
70,Cir X-1,Point,230.1702,-57.1667
96,Cir X-1,Point,230.1702,-57.1667
62,Cir X-1,Point,230.1702,-57.1667
39,Cir X-1,Point,230.1702,-57.1667
25,Cir X-1,Point,230.1702,-57.1667
83,Cir X-1,Point,230.1702,-57.1667
2,Cir X-1,Point,230.1702,-57.1667
52,Cir X-1,Point,230.1702,-57.1667
19,Cir X-1,Point,230.1702,-57.1667
13,Cir X-1,Point,230.1702,-57.1667
63,Cyg X-1,Point,299.5903,35.2016
102,Cyg X-1,Point,299.5903,35.2016
67,Cyg X-1,Point,299.5903,35.2016
40,Cyg X-1,Point,299.5903,35.2016
97,Cyg X-1,Point,299.5903,35.2016
14,Cyg X-1,Point,299.5903,35.2016
37,Cyg X-1,Point,299.5903,35.2016
71,Cyg X-1,Point,299.5903,35.2016
84,Cyg X-1,Point,299.5903,35.2016
54,Cyg X-1,Point,299.5903,35.2016
26,Cyg X-1,Point,299.5903,35.2016
20,Cyg X-1,Point,299.5903,35.2016
88,Cyg X-1,Point,299.5903,35.2016
68,GRS 1915+105,Point,288.7981,10.9458
53,GRS 1915+105,Point,288.7981,10.9458
21,GX 17+2,Point,274.0058,-14.0363
35,GX 3+1,Point,266.9833,-26.5636
23,GX 301-2,Point,186.6565,-62.7704
72,GX 340+0,Point,251.4487,-45.6111
15,H 1730-333,Point,263.3525,-33.3888
64,M87,Point,187.7059,12.3911
108,SGR 1935+2154,Point,293.732,21.8967
113,SGR 1935+2154,Point,293.732,21.8967
99,SGR 1935+2154,Point,293.7319,21.8967
98,Sco X-1,Point,244.9795,-15.6403
85,Vela X-1,Point,135.5286,-40.5547
56,blank_sky3,Point,50.3109,-57.196
109,blank_sky4,Point,327.119,-42.4725
110,blanksky14,Point,258.4627,57.472
57,blanksky15,Point,142.4784,5.7199
58,blanksky16,Point,176.7384,-20.6881
59,blanksky20,Point,145.0792,23.0907
111,blanksky20,Point,145.0792,23.0907
60,blanksky21,Point,193.2758,68.4275
,Name,obs Mode,J2000_RA,J2000_Dec
119,4U 1630-472,Point,248.5067,-47.393
114,4U 1630-472,Point,248.5067,-47.393
108,4U 1630-472,Point,248.5067,-47.393
101,4U 1630-472,Point,248.5067,-47.393
83,4U 1630-472,Point,248.5067,-47.393
97,4U 1630-472,Point,248.5067,-47.393
86,4U 1630-472,Point,248.5067,-47.393
88,4U 1630-472,Point,248.5067,-47.393
93,4U 1630-472,Point,248.5067,-47.393
35,Cen X-3,Point,170.3129,-60.6238
73,Cir X-1,Point,230.1702,-57.1667
81,Cir X-1,Point,230.1702,-57.1667
85,Cir X-1,Point,230.1702,-57.1667
89,Cir X-1,Point,230.1702,-57.1667
92,Cir X-1,Point,230.1702,-57.1667
96,Cir X-1,Point,230.1702,-57.1667
100,Cir X-1,Point,230.1702,-57.1667
113,Cir X-1,Point,230.1702,-57.1667
95,Crab,Point,83.6331,22.0145
120,Crab,Point,83.6331,22.0145
118,Cyg X-1,Point,299.5903,35.2016
47,GX 17+2,Point,274.0058,-14.0363
82,GX 301-2,Point,186.6565,-62.7704
26,GX 349+2,Point,256.4354,-36.4231
90,H 1730-333,Point,263.3525,-33.3888
94,H 1730-333,Point,263.3525,-33.3888
99,H 1730-333,Point,263.3525,-33.3888
84,H 1730-333,Point,263.3525,-33.3888
115,H 1730-333,Point,263.3525,-33.3888
67,H 1730-333,Point,263.3525,-33.3888
60,H 1730-333,Point,263.3525,-33.3888
61,Sco X-1,Point,244.9795,-15.6403
111,Swift J1818.0-1607,Point,274.5009,-16.1312
107,Swift J1818.0-1607,Point,274.5009,-16.1312
91,Vela X-1,Point,135.5286,-40.5547
1,blank_sky2,Point,57.3952,-24.3781
2,blank_sky3,Point,50.3109,-57.196
62,blank_sky3,Point,50.3109,-57.196
3,blanksky12,Point,129.9525,4.7236
109,blanksky14,Point,258.4627,57.472
63,blanksky15,Point,142.4784,5.7199
110,blanksky15,Point,142.4784,5.7199
4,blanksky16,Point,176.7384,-20.6881
64,blanksky16,Point,176.7384,-20.6881
5,blanksky19,Point,151.749,2.1364
112,blanksky19,Point,151.749,2.1364
65,blanksky19,Point,151.749,2.1364
66,blanksky20,Point,145.0792,23.0907
,Name,obs Mode,J2000_RA,J2000_Dec
27,Cas A,Point,350.85,58.815
17,Cen X-3,Point,170.3129,-60.6238
28,Crab,Point,83.6331,22.0145
18,FRB 180916.J0158+65,Point,29.5,65.7333
20,GRB 200205A,Point,130.2291,-35.4127
29,GX 301-2,Point,186.6565,-62.7704
39,Her X-1,Point,254.4575,35.3424
38,Her X-1,Point,254.4575,35.3424
31,Sco X-1,Point,244.9795,-15.6403
19,Vela X-1,Point,135.5286,-40.5547
22,blank_sky1,Point,49.5352,-7.315
23,blank_sky3,Point,50.3109,-57.196
25,blanksky15,Point,142.4784,5.7199
26,blanksky16,Point,176.7384,-20.6881
24,blanksky8,Point,50.1817,17.5512
,Name,obs Mode,J2000_RA,J2000_Dec
7,1A 0535+262,Point,84.7274,26.3158
14,1A 0535+262,Point,84.7274,26.3158
12,1A 0535+262,Point,84.7274,26.3158
36,Cas A,Point,350.85,58.815
15,Cen X-3,Point,170.3129,-60.6238
46,Cen X-3,Point,170.3129,-60.6238
86,Crab,Point,83.6331,22.0145
35,GX 301-2,Point,186.6565,-62.7704
96,GX 301-2,Point,186.6565,-62.7704
38,GX 301-2,Point,186.6565,-62.7704
59,GX 301-2,Point,186.6565,-62.7704
68,Vela X-1,Point,135.5286,-40.5547
17,Vela X-1,Point,135.5286,-40.5547
13,Vela X-1,Point,135.5286,-40.5547
18,blank_sky1,Point,49.5352,-7.315
82,blanksky12,Point,129.9525,4.7236
20,blanksky12,Point,129.9525,4.7236
83,blanksky14,Point,258.4627,57.472
84,blanksky15,Point,142.4784,5.7199
21,blanksky15,Point,142.4784,5.7199
85,blanksky21,Point,193.2758,68.4275
22,blanksky21,Point,193.2758,68.4275
19,blanksky8,Point,50.1817,17.5512
81,blanksky8,Point,50.1817,17.5512
,Name,obs Mode,J2000_RA,J2000_Dec
114,1A 0535+262,Point,84.7274,26.3158
67,1A 0535+262,Point,84.7274,26.3158
71,1A 0535+262,Point,84.7274,26.3158
65,1A 0535+262,Point,84.7274,26.3158
73,1A 0535+262,Point,84.7274,26.3158
80,1A 0535+262,Point,84.7274,26.3158
89,1A 0535+262,Point,84.7274,26.3158
82,1A 0535+262,Point,84.7274,26.3158
92,1A 0535+262,Point,84.7274,26.3158
98,1A 0535+262,Point,84.7274,26.3158
100,1A 0535+262,Point,84.7274,26.3158
102,1A 0535+262,Point,84.7274,26.3158
9,CDFS,Point,52.5,-28.1
20,CDFS,Point,52.5,-28.1
31,CDFS,Point,52.5,-28.1
12,CDFS,Point,52.5,-28.1
23,CDFS,Point,52.5,-28.1
34,CDFS,Point,52.5,-28.1
62,Cas A,Point,350.85,58.815
99,Crab,Point,83.6331,22.0145
21,Crab,Point,83.6331,22.0145
44,Cyg X-1,Point,299.5903,35.2016
41,Cyg X-1,Point,299.5903,35.2016
68,Cyg X-3,Point,308.1074,40.9577
42,Cyg X-3,Point,308.1074,40.9577
72,Cyg X-3,Point,308.1074,40.9577
81,Cyg X-3,Point,308.1074,40.9577
53,Cyg X-3,Point,308.1074,40.9577
45,Cyg X-3,Point,308.1074,40.9577
90,Cyg X-3,Point,308.1074,40.9577
70,Cyg X-3,Point,308.1074,40.9577
19,DECam,Point,335.2,-8.8
30,DECam,Point,335.2,-8.8
11,DECam,Point,335.2,-8.8
8,DECam,Point,335.2,-8.8
33,DECam,Point,335.2,-8.8
22,DECam,Point,335.2,-8.8
10,PSR J2022+3842,Point,305.5904,38.7041
57,RX J0209.6-7427,Point,308.1074,40.9577
63,RX J0209.6-7427,Point,32.3939,-74.4533
54,RX J0209.6-7427,Point,308.1074,40.9577
51,RX J0209.6-7427,Point,308.1074,40.9577
61,RX J0209.6-7427,Point,308.1074,40.9577
64,Vela X-1,Point,135.5286,-40.5547
66,Vela X-1,Point,135.5286,-40.5547
96,blank_sky3,Point,50.3109,-57.196
56,blanksky10,Point,345.6353,27.1995
97,blanksky10,Point,345.6353,27.1995
95,blanksky12,Point,129.9525,4.7236
94,blanksky19,Point,151.749,2.1364
58,blanksky19,Point,151.749,2.1364
32,blanksky20,Point,145.0792,23.0907
59,blanksky20,Point,145.0792,23.0907
93,blanksky21,Point,193.2758,68.4275
60,blanksky21,Point,193.2758,68.4275
55,blanksky8,Point,50.1817,17.5512
,Name,obs Mode,J2000_RA,J2000_Dec
48,Cas A,Point,350.85,58.815
83,Crab,Point,83.6331,22.0145
51,MAXI J0637-430,Point,99.0968,-42.8678
27,MAXI J0637-430,Point,99.0968,-42.8678
37,MAXI J0637-430,Point,99.0968,-42.8678
43,MAXI J0637-430,Point,99.0968,-42.8678
46,MAXI J0637-430,Point,99.0968,-42.8678
12,MAXI J0637-430,Point,99.0968,-42.8678
49,MAXI J0637-430,Point,99.0968,-42.8678
56,MAXI J0637-430,Point,99.0968,-42.8678
62,MAXI J0637-430,Point,99.0968,-42.8678
8,MAXI J0637-430,Point,99.0968,-42.8678
64,MAXI J0637-430,Point,99.0968,-42.8678
66,MAXI J0637-430,Point,99.0968,-42.8678
72,MAXI J0637-430,Point,99.0968,-42.8678
82,MAXI J0637-430,Point,99.0968,-42.8678
84,MAXI J0637-430,Point,99.0968,-42.8678
93,MAXI J0637-430,Point,99.0968,-42.8678
18,MAXI J0637-430,Point,99.0968,-42.8678
21,MAXI J0637-430,Point,99.0968,-42.8678
73,PSR J2022+3842,Point,305.5904,38.7041
9,PSR J2022+3842,Point,305.5904,38.7041
29,PSR J2022+3842,Point,305.5904,38.7041
19,SGR 1935+2154,Point,293.732,21.8967
22,SGR 1935+2154,Point,293.732,21.8967
10,SGR 1935+2154,Point,293.732,21.8967
13,SGR 1935+2154,Point,293.732,21.8967
28,SGR 1935+2154,Point,293.7319,21.8967
7,Vela X-1,Point,135.5285,-40.5546
63,Vela X-1,Point,135.5286,-40.5547
2,blank_sky2,Point,57.3952,-24.3781
3,blank_sky3,Point,50.3109,-57.196
38,blank_sky4,Point,327.119,-42.4725
4,blank_sky4,Point,327.119,-42.4725
39,blanksky10,Point,345.6353,27.1995
40,blanksky11,Point,319.0534,3.8279
47,blanksky11,Point,319.0534,3.8279
41,blanksky14,Point,258.4627,57.472
96,blanksky19,Point,151.749,2.1364
97,blanksky20,Point,145.0792,23.0907
42,blanksky21,Point,193.2758,68.4275
6,blanksky21,Point,193.2758,68.4275
98,blanksky21,Point,193.2758,68.4275
94,blanksky6,Point,322.5919,-23.0951
5,blanksky8,Point,50.1817,17.5512
95,blanksky8,Point,50.1817,17.5512
,Name,obs Mode,J2000_RA,J2000_Dec
54,Cas A,Point,350.85,58.815
94,Crab,Point,83.6331,22.0145
29,EXO 1846-031,Point,282.3205,-3.0654
86,EXO 1846-031,Point,282.3205,-3.0654
39,EXO 1846-031,Point,282.3205,-3.0654
91,EXO 1846-031,Point,282.3205,-3.0654
58,EXO 1846-031,Point,282.3205,-3.0654
11,EXO 1846-031,Point,282.3205,-3.0654
55,EXO 1846-031,Point,282.3205,-3.0654
22,EXO 1846-031,Point,282.3205,-3.0654
53,EXO 1846-031,Point,282.3205,-3.0654
51,EXO 1846-031,Point,282.3205,-3.0654
1,EXO 1846-031,Point,282.3205,-3.0654
74,EXO 1846-031,Point,282.3205,-3.0654
82,EXO 1846-031,Point,282.3205,-3.0654
107,GRS 1915+105,Point,288.7981,10.9458
52,GRS 1915+105,Point,288.7981,10.9458
23,GX 17+2,Point,274.0058,-14.0363
90,IGR J19294+1816,Point,292.4829,18.3106
93,IGR J19294+1816,Point,292.4829,18.3106
95,IGR J19294+1816,Point,292.4829,18.3106
106,IGR J19294+1816,Point,292.4829,18.3106
109,IGR J19294+1816,Point,292.4829,18.3106
85,IGR J19294+1816,Point,292.4829,18.3106
3,PSR J2022+3842,Point,305.5904,38.7041
57,SWIFT J1845.7-0037,Point,281.478,-0.65953
67,SWIFT J1845.7-0037,Point,281.478,-0.65953
83,SWIFT J1845.7-0037,Point,281.478,-0.65953
87,SWIFT J1845.7-0037,Point,281.478,-0.65953
75,SWIFT J1845.7-0037,Point,281.478,-0.65953
73,SWIFT J1845.7-0037,Point,281.478,-0.65953
92,SWIFT J1845.7-0037,Point,281.478,-0.65953
40,Ser X-1,Point,279.9898,5.0359
12,XTE J1739-285,Point,264.9748,-28.4963
68,blank_sky2,Point,57.3952,-24.3781
24,blank_sky4,Point,327.119,-42.4725
25,blanksky10,Point,345.6353,27.1995
72,blanksky11,Point,319.0534,3.8279
26,blanksky11,Point,319.0534,3.8279
27,blanksky14,Point,258.4627,57.472
28,blanksky21,Point,193.2758,68.4275
69,blanksky5,Point,352.7624,-70.3217
70,blanksky6,Point,322.5919,-23.0951
71,blanksky8,Point,50.1817,17.5512
,Name,obs Mode,J2000_RA,J2000_Dec
52,4U 1636-536,Point,250.2312,-53.7513
40,4U 1636-536,Point,250.2312,-53.7513
33,4U 1636-536,Point,250.2312,-53.7514
67,4U 1636-536,Point,250.2312,-53.7514
27,4U 1636-536,Point,250.2312,-53.7514
56,Aql X-1,Point,287.8171,0.58494
37,Aql X-1,Point,287.8171,0.58494
26,Aql X-1,Point,287.8171,0.58494
87,Aql X-1,Point,287.8171,0.58494
44,Aql X-1,Point,287.8171,0.58494
21,Aql X-1,Point,287.8171,0.58494
91,Aql X-1,Point,287.8171,0.58494
14,Aql X-1,Point,287.8171,0.58494
69,Aql X-1,Point,287.8171,0.58494
100,Aql X-1,Point,287.8171,0.58494
2,Aql X-1,Point,287.8171,0.58494
64,Cas A,Point,350.85,58.815
3,Cir X-1,Point,230.1702,-57.1667
43,Cir X-1,Point,230.1702,-57.1667
13,Cir X-1,Point,230.1702,-57.1667
81,Cir X-1,Point,230.1702,-57.1667
89,Cir X-1,Point,230.1702,-57.1667
55,Cir X-1,Point,230.1702,-57.1667
68,Cir X-1,Point,230.1702,-57.1667
36,Cir X-1,Point,230.1702,-57.1667
25,Cir X-1,Point,230.1702,-57.1667
129,Crab,Point,83.6331,22.0145
12,EXO 1846-031,Point,282.3205,-3.0654
54,EXO 1846-031,Point,282.3205,-3.0654
42,EXO 1846-031,Point,282.3205,-3.0654
35,EXO 1846-031,Point,282.3205,-3.0654
132,EXO 1846-031,Point,282.3205,-3.0654
80,EXO 1846-031,Point,282.3205,-3.0654
24,EXO 1846-031,Point,282.3205,-3.0654
127,EXO 1846-031,Point,282.3205,-3.0654
117,EXO 1846-031,Point,282.3205,-3.0654
110,EXO 1846-031,Point,282.3205,-3.0654
88,EXO 1846-031,Point,282.3205,-3.0654
99,EXO 1846-031,Point,282.3205,-3.0654
65,EXO 1846-031,Point,282.3205,-3.0654
22,GRS 1915+105,Point,288.7981,10.9458
131,GX 17+2,Point,274.0058,-14.0363
128,GX 17+2,Point,274.0058,-14.0363
90,GX 17+2,Point,274.0057,-14.0362
15,GX 17+2,Point,274.0058,-14.0363
1,GX 349+2,Point,256.4354,-36.4231
34,Sco X-1,Point,244.9795,-15.6403
66,Sco X-1,Point,244.9795,-15.6403
23,Sco X-1,Point,244.9795,-15.6403
45,Sco X-1,Point,244.9795,-15.6403
57,Sco X-1,Point,244.9795,-15.6403
38,Sco X-1,Point,244.9795,-15.6403
53,Sco X-1,Point,244.9795,-15.6403
41,Sco X-1,Point,244.9795,-15.6403
82,blank_sky2,Point,57.3952,-24.3781
85,blanksky10,Point,345.6353,27.1995
30,blanksky10,Point,345.6353,27.1995
86,blanksky11,Point,319.0534,3.8279
31,blanksky14,Point,258.4627,57.472
83,blanksky5,Point,352.7624,-70.3217
32,blanksky5,Point,352.7624,-70.3217
28,blanksky6,Point,322.5919,-23.0951
84,blanksky6,Point,322.5919,-23.0951
29,blanksky8,Point,50.1817,17.5512
,Name,obs Mode,J2000_RA,J2000_Dec
112,Aql X-1,Point,287.8171,0.58494
61,Aql X-1,Point,287.8171,0.58494
68,Aql X-1,Point,287.8171,0.58494
75,Aql X-1,Point,287.8171,0.58494
54,Aql X-1,Point,287.8171,0.58494
51,Aql X-1,Point,287.8171,0.58494
49,Aql X-1,Point,287.8171,0.58494
79,Aql X-1,Point,287.8171,0.58494
85,Aql X-1,Point,287.8171,0.58494
89,Aql X-1,Point,287.8171,0.58494
96,Aql X-1,Point,287.8171,0.58494
93,Aql X-1,Point,287.8171,0.58494
65,Aql X-1,Point,287.8171,0.58494
100,Aql X-1,Point,287.8171,0.58494
103,Aql X-1,Point,287.8171,0.58494
50,Cas A,Point,350.85,58.815
64,Cen X-3,Point,170.3129,-60.6238
97,Cen X-3,Point,170.3129,-60.6238
25,Cen X-3,Point,170.3129,-60.6238
94,Cir X-1,Point,230.1702,-57.1667
39,Cir X-1,Point,230.1702,-57.1667
29,Cir X-1,Point,230.1702,-57.1667
78,Cir X-1,Point,230.1702,-57.1667
46,Cir X-1,Point,230.1702,-57.1667
23,Cir X-1,Point,230.1702,-57.1667
99,Cir X-1,Point,230.1702,-57.1667
53,Cir X-1,Point,230.1702,-57.1667
104,Cir X-1,Point,230.1702,-57.1667
67,Cir X-1,Point,230.1702,-57.1667
63,Cir X-1,Point,230.1702,-57.1667
87,Cir X-1,Point,230.1702,-57.1667
102,Crab,Point,83.6331,22.0145
8,Cyg X-1,Point,299.5903,35.2016
2,Cyg X-1,Point,299.5903,35.2016
48,Cyg X-1,Point,299.5903,35.2016
38,Cyg X-1,Point,299.5903,35.2016
28,Cyg X-1,Point,299.5903,35.2016
14,Cyg X-1,Point,299.5903,35.2016
22,Cyg X-1,Point,299.5903,35.2016
21,Cyg X-3,Point,308.1074,40.9577
37,Cyg X-3,Point,308.1074,40.9577
13,Cyg X-3,Point,308.1074,40.9577
1,Cyg X-3,Point,308.1074,40.9577
7,Cyg X-3,Point,308.1074,40.9577
27,Cyg X-3,Point,308.1074,40.9577
47,Cyg X-3,Point,308.1074,40.9577
62,EXO 1846-031,Point,282.3205,-3.0654
66,EXO 1846-031,Point,282.3205,-3.0654
98,EXO 1846-031,Point,282.3205,-3.0654
16,EXO 1846-031,Point,282.3205,-3.0654
77,EXO 1846-031,Point,282.3205,-3.0654
20,EXO 1846-031,Point,282.3205,-3.0654
36,EXO 1846-031,Point,282.3205,-3.0654
5,EXO 1846-031,Point,282.3205,-3.0654
86,EXO 1846-031,Point,282.3205,-3.0654
24,EXO 1846-031,Point,282.3205,-3.0654
26,EXO 1846-031,Point,282.3205,-3.0654
45,EXO 1846-031,Point,282.3205,-3.0654
30,EXO 1846-031,Point,282.3205,-3.0654
101,EXO 1846-031,Point,282.3205,-3.0654
52,EXO 1846-031,Point,282.3205,-3.0654
12,EXO 1846-031,Point,282.3205,-3.0654
44,GX 301-2,Point,186.6565,-62.7704
95,GX 349+2,Point,256.4354,-36.4231
76,GX 349+2,Point,256.4354,-36.4231
40,GX 349+2,Point,256.4353,-36.423
15,PKS 1502+106,Point,226.1042,10.4941
4,PKS 1502+106,Point,226.1042,10.4941
6,PKS 1502+106,Point,226.1042,10.4941
11,PKS 1502+106,Point,226.1042,10.4941
84,blank_sky10,Point,345.6353,27.1995
31,blank_sky2,Point,57.3952,-24.3781
81,blank_sky2,Point,57.3952,-24.3781
32,blank_sky3,Point,50.3109,-57.196
83,blank_sky3,Point,50.3109,-57.196
80,blank_sky4,Point,327.119,-42.4725
82,blank_sky8,Point,50.1817,17.5512
35,blanksky10,Point,345.6353,27.1995
33,blanksky6,Point,322.5919,-23.0951
34,blanksky8,Point,50.1817,17.5512
,Name,obs Mode,J2000_RA,J2000_Dec
54,Cas A,Point,350.8499,58.815
13,Cen X-3,Point,170.3129,-60.6238
74,Cyg X-1,Point,299.5903,35.2016
50,Cyg X-1,Point,299.5903,35.2016
82,Cyg X-1,Point,299.5903,35.2016
60,Cyg X-1,Point,299.5903,35.2016
86,Cyg X-1,Point,299.5903,35.2016
56,Cyg X-1,Point,299.5903,35.2016
97,Cyg X-1,Point,299.5903,35.2016
71,Cyg X-1,Point,299.5903,35.2016
105,Cyg X-1,Point,299.5903,35.2016
116,Cyg X-1,Point,299.5903,35.2016
53,Cyg X-1,Point,299.5903,35.2016
61,Cyg X-2,Point,326.1715,38.3214
75,Cyg X-2,Point,326.1715,38.3214
83,Cyg X-2,Point,326.1715,38.3214
57,Cyg X-2,Point,326.1715,38.3214
72,Cyg X-2,Point,326.1715,38.3214
87,Cyg X-2,Point,326.1715,38.3214
95,Cyg X-3,Point,308.1074,40.9577
85,Cyg X-3,Point,308.1074,40.9577
102,Cyg X-3,Point,308.1074,40.9577
113,Cyg X-3,Point,308.1074,40.9577
106,Cyg X-3,Point,308.1074,40.9577
125,Cyg X-3,Point,308.1074,40.9577
115,Cyg X-3,Point,308.1074,40.9577
11,GRO J1008-57,Point,152.4333,-58.295
51,GS 1826-238,Point,277.3675,-23.7969
69,GX 17+2,Point,274.0057,-14.0362
126,GX 17+2,Point,274.0057,-14.0362
26,GX 301-2,Point,186.6565,-62.7703
58,GX 301-2,Point,186.6565,-62.7704
1,MAXI J1348-630,Point,207.0535,-63.2746
43,MAXI J1348-630,Point,207.0535,-63.2746
52,MAXI J1348-630,Point,207.0535,-63.2746
114,MAXI J1348-630,Point,207.0535,-63.2746
104,MAXI J1348-630,Point,207.0535,-63.2746
55,MAXI J1348-630,Point,207.0535,-63.2746
12,MAXI J1348-630,Point,207.0535,-63.2746
96,MAXI J1348-630,Point,207.0535,-63.2746
59,MAXI J1348-630,Point,207.0535,-63.2746
34,MAXI J1348-630,Point,207.0535,-63.2746
84,MAXI J1348-630,Point,207.0535,-63.2746
73,MAXI J1348-630,Point,207.0535,-63.2746
25,MAXI J1348-630,Point,207.0535,-63.2746
70,MAXI J1348-630,Point,207.0535,-63.2746
49,MAXI J1348-630,Point,207.0535,-63.2746
98,blank_sky1,Point,49.5352,-7.315
44,blank_sky4,Point,327.119,-42.4725
99,blank_sky4,Point,327.119,-42.4725
100,blanksky10,Point,345.6353,27.1995
45,blanksky10,Point,345.6353,27.1995
46,blanksky11,Point,319.0534,3.8279
101,blanksky11,Point,319.0534,3.8279
103,blanksky14,Point,258.4627,57.472
47,blanksky14,Point,258.4627,57.472
48,blanksky16,Point,176.7384,-20.6881
,Name,obs Mode,J2000_RA,J2000_Dec
34,4U1901+03,Point,285.9046,3.1919
43,4U1901+03,Point,285.9046,3.1919
24,4U1901+03,Point,285.9046,3.1919
7,4U1901+03,Point,285.9046,3.1919
13,4U1901+03,Point,285.9046,3.1919
124,9hr,Point,133,-70.5
125,Antlia,Point,157.5167,-35.3233
87,Aql X-1,Point,287.8171,0.58494
108,BLANK_SKY10,Point,345.6353,27.1995
40,BLANK_SKY11,Point,319.0534,3.8279
109,BLANK_SKY14,Point,258.4627,57.472
41,BLANK_SKY3,Point,50.3109,-57.196
101,BLANK_SKY3,Point,50.3109,-57.196
37,BLANK_SKY4,Point,327.119,-42.4725
102,BLANK_SKY4,Point,327.119,-42.4725
103,BLANK_SKY5,Point,352.7624,-70.3217
39,BLANK_SKY5,Point,352.7624,-70.3217
38,BLANK_SKY6,Point,322.5919,-23.0951
126,Centaurus,Point,192.2167,-41.3058
14,Cyg X-1,Point,299.5903,35.2016
8,Cyg X-1,Point,299.5903,35.2016
53,Cyg X-1,Point,299.5903,35.2016
94,Field 3,Point,326.1666,-40.8333
100,Field3,Point,326.1667,-40.8333
113,Field3,Point,326.1667,-40.8333
107,Field3,Point,326.1667,-40.8333
118,Field3,Point,326.1667,-40.8333
128,GRO J1008-57,Point,152.4421,-58.2919
115,GRO J1008-57,Point,152.4421,-58.2919
95,GRO J1008-57,Point,152.4421,-58.2919
110,GRO J1008-57,Point,152.4421,-58.2919
88,GRO J1008-57,Point,152.4421,-58.2919
64,GRS 1915+105,Point,288.7981,10.9458
56,GRS 1915+105,Point,288.7981,10.9458
73,GRS 1915+105,Point,288.7981,10.9458
44,GRS 1915+105,Point,288.7981,10.9458
52,GRS 1915+105,Point,288.7981,10.9458
35,GRS 1915+105,Point,288.7981,10.9458
91,GRS 1915+105,Point,288.7981,10.9458
15,GRS 1915+105,Point,288.7981,10.9458
82,GRS 1915+105,Point,288.7981,10.9458
25,GRS 1915+105,Point,288.7981,10.9458
9,GRS 1915+105,Point,288.7981,10.9458
89,GRS 1915+105,Point,288.7981,10.9458
54,M87,Point,187.7042,12.3911
57,MAXI J1348-630,Point,207.053,-63.2741
12,MAXI J1348-630,Point,207.0534,-63.2746
104,MAXI J1348-630,Point,207.0535,-63.2746
16,MAXI J1348-630,Point,207.0535,-63.2746
65,MAXI J1348-630,Point,207.053,-63.2741
90,MAXI J1348-630,Point,207.0535,-63.2746
72,MAXI J1348-630,Point,207.053,-63.2741
127,MAXI J1348-630,Point,207.0535,-63.2746
74,MAXI J1348-630,Point,207.053,-63.2741
55,MAXI J1348-630,Point,207.053,-63.2741
33,MAXI J1348-630,Point,207.0535,-63.2746
86,MAXI J1348-630,Point,207.0535,-63.2746
83,MAXI J1348-630,Point,207.0535,-63.2746
51,MAXI J1348-630,Point,207.053,-63.2741
81,MAXI J1348-630,Point,207.0535,-63.2746
45,MAXI J1348-630,Point,207.053,-63.2741
23,MAXI J1348-630,Point,207.0535,-63.2746
42,MAXI J1348-630,Point,207.0535,-63.2746
26,MAXI J1348-630,Point,207.0535,-63.2746
36,MAXI J1348-630,Point,207.0535,-63.2746
114,MAXI J1348-630,Point,207.0535,-63.2746
111,NGC 6101,Point,246.5,-73
105,NGC 6101,Point,246.5,-73
92,NGC 6101,Point,246.5,-73
98,NGC 6101,Point,246.5,-73
116,NGC 6101,Point,246.5,-73
99,NGC 6744,Point,287,-64.5
93,NGC 6744,Point,287,-64.5
106,NGC 6744,Point,287,-64.5
112,NGC 6744,Point,287,-64.5
117,NGC 6744,Point,287,-64.5
,Name,obs Mode,J2000_RA,J2000_Dec
45,4U1901+03,Point,285.9046,3.1919
24,4U1901+03,Point,285.9046,3.1919
87,4U1901+03,Point,285.9046,3.1919
69,4U1901+03,Point,285.9046,3.1919
96,4U1901+03,Point,285.9046,3.1919
33,4U1901+03,Point,285.9046,3.1919
105,4U1901+03,Point,285.9046,3.1919
60,4U1901+03,Point,285.9046,3.1919
15,4U1901+03,Point,285.9046,3.1919
78,4U1901+03,Point,285.9046,3.1919
122,4U1901+03,Point,285.9046,3.1919
3,4U1901+03,Point,285.9046,3.1919
113,4U1901+03,Point,285.9046,3.1919
109,BLANK_SKY10,Point,345.6353,27.1995
48,BLANK_SKY14,Point,258.4627,57.472
110,BLANK_SKY15,Point,142.4784,5.7199
49,BLANK_SKY15,Point,142.4784,5.7199
111,BLANK_SKY16,Point,176.7384,-20.6881
50,BLANK_SKY16,Point,176.7384,-20.6881
112,BLANK_SKY19,Point,151.749,2.1364
46,BLANK_SKY5,Point,352.7624,-70.3217
47,BLANK_SKY6,Point,322.5919,-23.0951
108,BLANK_SKY6,Point,322.5919,-23.0951
52,Cyg X-3,Point,308.1074,40.9577
123,Cyg X-3,Point,308.1074,40.9577
71,Cyg X-3,Point,308.1074,40.9577
34,Cyg X-3,Point,308.1074,40.9577
62,Cyg X-3,Point,308.1074,40.9577
80,Cyg X-3,Point,308.1074,40.9577
1,Cyg X-3,Point,308.1074,40.9577
5,Cyg X-3,Point,308.1074,40.9577
114,Cyg X-3,Point,308.1074,40.9577
106,Cyg X-3,Point,308.1074,40.9577
98,Cyg X-3,Point,308.1074,40.9577
16,Cyg X-3,Point,308.1074,40.9577
89,Cyg X-3,Point,308.1074,40.9577
44,Cyg X-3,Point,308.1074,40.9577
25,Cyg X-3,Point,308.1074,40.9577
61,GRS 1915+105,Point,288.7981,10.9458
79,GRS 1915+105,Point,288.7981,10.9458
53,GRS 1915+105,Point,288.7981,10.9458
107,GRS 1915+105,Point,288.7981,10.9458
70,GRS 1915+105,Point,288.7981,10.9458
115,GRS 1915+105,Point,288.7981,10.9458
97,GRS 1915+105,Point,288.7981,10.9458
88,GRS 1915+105,Point,288.7981,10.9458
124,GRS 1915+105,Point,288.7981,10.9458
4,GRS 1915+105,Point,288.7981,10.9458
42,M87,Point,187.7042,12.3911
36,M87,Point,187.7042,12.3911
2,MAXI J1348-630,Point,207.053,-63.2741
6,MAXI J1348-630,Point,207.053,-63.2741
51,MAXI J1348-630,Point,207.053,-63.2741
17,MAXI J1348-630,Point,207.053,-63.2741
43,MAXI J1348-630,Point,207.053,-63.2741
26,MAXI J1348-630,Point,207.053,-63.2741
35,MAXI J1348-630,Point,207.053,-63.2741
,Name,obs Mode,J2000_RA,J2000_Dec
141,4U1901+03,Point,285.9046,3.1919
45,4U1901+03,Point,285.9046,3.1919
52,4U1901+03,Point,285.9046,3.1919
63,4U1901+03,Point,285.9046,3.1919
18,4U1901+03,Point,285.9046,3.1919
65,4U1901+03,Point,285.9046,3.1919
36,4U1901+03,Point,285.9046,3.1919
130,4U1901+03,Point,285.9046,3.1919
110,4U1901+03,Point,285.9046,3.1919
27,4U1901+03,Point,285.9046,3.1919
14,4U1901+03,Point,285.9046,3.1919
118,4U1901+03,Point,285.9046,3.1919
98,4U1901+03,Point,285.9046,3.1919
20,BLANK_SKY12,Point,129.9525,4.7236
77,BLANK_SKY12,Point,129.9525,4.7236
21,BLANK_SKY14,Point,258.4627,57.472
78,BLANK_SKY15,Point,142.4784,5.7199
22,BLANK_SKY16,Point,176.7384,23.0906
133,BLANK_SKY16,Point,176.7384,-20.6881
79,BLANK_SKY16,Point,176.7384,-20.6881
80,BLANK_SKY20,Point,145.0792,23.0907
23,BLANK_SKY20,Point,145.0792,23.0907
134,BLANK_SKY20,Point,145.0792,23.0907
76,BLANK_SKY4,Point,327.119,-42.4725
19,BLANK_SKY5,Point,352.7624,-70.3217
131,Cyg X-3,Point,308.1074,40.9577
127,Cyg X-3,Point,308.1074,40.9577
2,GRS 1915+105,Point,288.7981,10.9458
128,GRS 1915+105,Point,288.7981,10.9458
51,M87,Point,187.7042,12.3911
132,MAXI J1348-630,Point,207.053,-63.2741
111,MAXI J1348-630,Point,207.053,-63.2741
15,MAXI J1348-630,Point,207.053,-63.2741
129,MAXI J1348-630,Point,207.053,-63.2741
99,MAXI J1348-630,Point,207.053,-63.2741
35,MAXI J1348-630,Point,207.053,-63.2741
1,MAXI J1348-630,Point,207.053,-63.2741
75,MAXI J1348-630,Point,207.053,-63.2741
88,MAXI J1348-630,Point,207.053,-63.2741
64,MAXI J1348-630,Point,207.053,-63.2741
24,MAXI J1348-630,Point,207.053,-63.2741
53,MAXI J1348-630,Point,207.053,-63.2741
46,MAXI J1348-630,Point,207.053,-63.2741
44,MAXI J1348-630,Point,207.053,-63.2741
12,MAXI J1631-479,Point,247.7667,-47.92
25,MAXI J1631-479,Point,247.7667,-47.92
43,MAXI J1631-479,Point,247.7667,-47.92
16,MAXI J1631-479,Point,247.7667,-47.92
13,Swift J1728.9-3613,Point,262.245,-36.2255
26,Swift J1728.9-3613,Point,262.245,-36.2255
17,Swift J1728.9-3613,Point,262.245,-36.2255
,Name,obs Mode,J2000_RA,J2000_Dec
57,4U 1608-52,Point,243.179,-52.423
60,4U 1728-34,Point,262.9905,-33.834
88,4U1901+03,Point,285.9046,3.1919
58,4U1901+03,Point,285.9046,3.1919
76,Crab,Point,83.6331,22.0145
6,GX 301-2,Point,186.6565,-62.7703
36,Her X-1,Point,254.4575,35.3423
52,MAXI J1348-630,Point,207.053,-63.2741
55,MAXI J1348-630,Point,207.053,-63.2741
43,MAXI J1348-630,Point,207.053,-63.2741
33,MAXI J1348-630,Point,207.053,-63.2741
40,MAXI J1348-630,Point,207.053,-63.2741
30,MAXI J1348-630,Point,207.053,-63.2741
49,MAXI J1348-630,Point,207.053,-63.2741
46,MAXI J1348-630,Point,207.053,-63.2741
27,MAXI J1348-630,Point,207.053,-63.2741
61,MAXI J1348-630,Point,207.053,-63.2741
24,MAXI J1348-630,Point,207.053,-63.2741
37,MAXI J1348-630,Point,207.053,-63.2741
21,MAXI J1348-630,Point,207.053,-63.2741
64,MAXI J1348-630,Point,207.053,-63.2741
67,MAXI J1348-630,Point,207.053,-63.2741
18,MAXI J1348-630,Point,207.053,-63.2741
70,MAXI J1348-630,Point,207.053,-63.2741
85,MAXI J1348-630,Point,207.053,-63.2741
14,MAXI J1348-630,Point,207.053,-63.2741
73,MAXI J1348-630,Point,207.053,-63.2741
12,MAXI J1348-630,Point,207.053,-63.2741
4,MAXI J1348-630,Point,207.053,-63.2741
8,MAXI J1348-630,Point,207.053,-63.2741
77,MAXI J1348-630,Point,207.053,-63.2741
1,MAXI J1631-479,Point,247.7667,-47.92
86,MAXI J1631-479,Point,247.7667,-47.92
39,MAXI J1631-479,Point,247.7667,-47.92
51,MAXI J1631-479,Point,247.7667,-47.92
78,MAXI J1631-479,Point,247.7667,-47.92
32,MAXI J1631-479,Point,247.7667,-47.92
20,MAXI J1631-479,Point,247.7667,-47.92
74,MAXI J1631-479,Point,247.7667,-47.92
15,MAXI J1631-479,Point,247.7667,-47.92
26,MAXI J1631-479,Point,247.7667,-47.92
68,MAXI J1631-479,Point,247.7667,-47.92
62,MAXI J1631-479,Point,247.7667,-47.92
10,MAXI J1631-479,Point,247.7667,-47.92
45,MAXI J1631-479,Point,247.7667,-47.92
2,Swift J1728.9-3613,Point,262.245,-36.2255
48,Swift J1728.9-3613,Point,262.245,-36.2255
11,Swift J1728.9-3613,Point,262.245,-36.2255
29,Swift J1728.9-3613,Point,262.245,-36.2255
71,Swift J1728.9-3613,Point,262.245,-36.2255
16,Swift J1728.9-3613,Point,262.245,-36.2255
35,Swift J1728.9-3613,Point,262.245,-36.2255
87,Swift J1728.9-3613,Point,262.245,-36.2255
65,Swift J1728.9-3613,Point,262.245,-36.2255
54,Swift J1728.9-3613,Point,262.245,-36.2255
23,Swift J1728.9-3613,Point,262.245,-36.2255
75,Swift J1728.9-3613,Point,262.245,-36.2255
42,Swift J1728.9-3613,Point,262.245,-36.2255
7,Tycho,Point,6.3083,64.1443
5,Tycho,Point,6.3083,64.1443
,Name,obs Mode,J2000_RA,J2000_Dec
3,BLANK_SKY2,Point,57.3952,-24.3781
2,BLANK_SKY20,Point,145.0792,23.0907
8,BLANK_SKY3,Point,50.3109,-57.196
33,Cas A,Point,350.85,58.815
50,Crab,Point,83.6331,22.0145
5,Her X-1,Point,254.4575,35.3423
58,Her X-1,Point,254.4575,35.3423
26,Her X-1,Point,254.4575,35.3423
20,Her X-1,Point,254.4575,35.3423
30,MAXI J1348-630,Point,207.053,-63.2741
28,MAXI J1348-630,Point,207.053,-63.2741
19,MAXI J1348-630,Point,207.053,-63.2741
25,MAXI J1348-630,Point,207.053,-63.2741
41,MAXI J1348-630,Point,207.053,-63.2741
23,MAXI J1348-630,Point,207.053,-63.2741
21,MAXI J1348-630,Point,207.053,-63.2741
34,MAXI J1348-630,Point,207.053,-63.2741
48,MAXI J1348-630,Point,207.053,-63.2741
59,MAXI J1348-630,Point,207.053,-63.2741
32,MAXI J1348-630,Point,207.053,-63.2741
15,MAXI J1348-630,Point,207.053,-63.2741
13,MAXI J1348-630,Point,207.053,-63.2741
51,MAXI J1348-630,Point,207.053,-63.2741
11,MAXI J1348-630,Point,207.053,-63.2741
9,MAXI J1348-630,Point,207.053,-63.2741
54,MAXI J1348-630,Point,207.053,-63.2741
6,MAXI J1348-630,Point,207.053,-63.2741
4,MAXI J1348-630,Point,207.053,-63.2741
17,MAXI J1348-630,Point,207.053,-63.2741
42,MAXI J1631-479,Point,247.7667,-47.92
52,MAXI J1631-479,Point,247.7667,-47.92
35,MAXI J1631-479,Point,247.7667,-47.92
55,MAXI J1631-479,Point,247.7667,-47.92
49,MAXI J1631-479,Point,247.7667,-47.92
29,MAXI J1631-479,Point,247.7667,-47.92
27,MAXI J1631-479,Point,247.7667,-47.92
31,MAXI J1631-479,Point,247.7667,-47.92
22,MAXI J1631-479,Point,247.7667,-47.92
24,MAXI J1631-479,Point,247.7667,-47.92
53,Swift J1728.9-3613,Point,262.245,-36.2255
56,Swift J1728.9-3613,Point,262.245,-36.2255
18,Swift_J0243.6+6124,Point,40.918,61.4341
14,Swift_J0243.6+6124,Point,40.918,61.4341
12,Swift_J0243.6+6124,Point,40.918,61.4341
10,Swift_J0243.6+6124,Point,40.918,61.4341
7,Swift_J0243.6+6124,Point,40.918,61.4341
1,Swift_J0243.6+6124,Point,40.918,61.4341
16,Swift_J0243.6+6124,Point,40.918,61.4341
,Name,obs Mode,J2000_RA,J2000_Dec
46,AO 0535+26,Point,84.7274,26.3158
8,BLANK_SKY1,Point,49.5352,-7.315
43,BLANK_SKY1,Point,49.5352,-7.315
9,BLANK_SKY12,Point,129.9525,4.7236
10,BLANK_SKY15,Point,142.4784,5.7199
44,BLANK_SKY15,Point,142.4784,5.7199
41,BLANK_SKY2,Point,57.3952,-24.3781
45,BLANK_SKY20,Point,145.0792,23.0907
11,BLANK_SKY21,Point,193.2758,68.4275
42,BLANK_SKY8,Point,50.1817,17.5512
7,BLANK_SKY8,Point,50.1817,17.5512
39,Cas A,Point,350.85,58.815
15,Cas A,Point,350.85,58.815
5,Cen X-3,Point,170.3158,-60.623
13,Crab,Point,83.6331,22.0145
23,GX 301-2,Point,186.6565,-62.7703
25,GX 301-2,Point,186.6565,-62.7703
69,MAXI J1348-630,Point,207.053,-63.2741
71,MAXI J1348-630,Point,207.053,-63.2741
78,MAXI J1348-630,Point,207.053,-63.2741
81,MAXI J1348-630,Point,207.053,-63.2741
79,Swift_J0243.6+6124,Point,40.918,61.4341
22,Swift_J0243.6+6124,Point,40.918,61.4341
67,Swift_J0243.6+6124,Point,40.918,61.4341
64,Swift_J0243.6+6124,Point,40.918,61.4341
58,Swift_J0243.6+6124,Point,40.918,61.4341
47,Swift_J0243.6+6124,Point,40.918,61.4341
38,Swift_J0243.6+6124,Point,40.918,61.4341
26,Swift_J0243.6+6124,Point,40.918,61.4341
70,Swift_J0243.6+6124,Point,40.918,61.4341
40,Swift_J0243.6+6124,Point,40.918,61.4341
21,Vela X-1,Point,135.5286,-40.5547
24,Vela X-1,Point,135.5286,-40.5547
,Name,obs Mode,J2000_RA,J2000_Dec
21,BLANK_SKY1,Point,49.5352,-7.315
25,BLANK_SKY10,Point,345.6353,27.1995
68,BLANK_SKY10,Point,345.6353,27.1995
70,BLANK_SKY12,Point,129.9525,4.7236
23,BLANK_SKY15,Point,142.4784,5.7199
24,BLANK_SKY19,Point,151.749,2.1364
69,BLANK_SKY19,Point,151.749,2.1364
22,BLANK_SKY2,Point,57.3952,-24.3781
71,BLANK_SKY21,Point,193.2758,68.4275
72,BLANK_SKY3,Point,50.3109,-57.196
1,Cas A,Point,350.85,58.815
57,Cas A,Point,350.85,58.815
98,Cen X-3,Point,170.3158,-60.623
39,Crab,Point,83.6331,22.0145
20,Cyg X-1,Point,299.5903,35.2016
18,Cyg X-1,Point,299.5903,35.2016
27,Cyg X-1,Point,299.5903,35.2016
7,Cyg X-1,Point,299.5903,35.2016
5,Cyg X-1,Point,299.5903,35.2016
2,Cyg X-1,Point,299.5903,35.2016
6,Cyg X-2,Point,326.1715,38.3214
38,Cyg X-3,Point,308.1074,40.9577
26,Cyg X-3,Point,308.1074,40.9577
19,Cyg X-3,Point,308.1074,40.9577
66,Cyg X-3,Point,308.1074,40.9577
4,Cyg X-3,Point,308.1074,40.9577
84,Cyg X-3,Point,308.1074,40.9577
58,Cyg X-3,Point,308.1074,40.9577
,Name,obs Mode,J2000_RA,J2000_Dec
22,BLANK_SKY10,Point,345.6353,27.1995
23,BLANK_SKY15,Point,142.4784,5.7199
85,BLANK_SKY19,Point,151.749,2.1364
83,BLANK_SKY20,Point,145.0792,23.0907
86,BLANK_SKY21,Point,193.2758,68.4275
19,BLANK_SKY3,Point,50.3109,-57.196
20,BLANK_SKY5,Point,352.7624,-70.3217
84,BLANK_SKY6,Point,322.5919,-23.0951
21,BLANK_SKY7,Point,312.1284,-36.5756
87,BLANK_SKY8,Point,50.1817,17.5512
37,Cas A,Point,350.85,58.815
68,Crab,Point,83.6331,22.0145
49,Cyg X-1,Point,299.5903,35.2016
38,Cyg X-1,Point,299.5903,35.2016
35,Cyg X-1,Point,299.5903,35.2016
52,Cyg X-1,Point,299.5903,35.2016
54,Cyg X-1,Point,299.5903,35.2016
101,Cyg X-1,Point,299.5903,35.2016
65,Cyg X-1,Point,299.5903,35.2016
67,Cyg X-1,Point,299.5903,35.2016
88,Cyg X-1,Point,299.5903,35.2016
24,Cyg X-1,Point,299.5903,35.2016
1,Cyg X-1,Point,299.5903,35.2016
115,Cyg X-1,Point,299.5903,35.2016
103,Cyg X-1,Point,299.5903,35.2016
90,Cyg X-1,Point,299.5903,35.2016
81,Cyg X-1,Point,299.5903,35.2016
18,Cyg X-1,Point,299.5903,35.2016
15,Cyg X-1,Point,299.5903,35.2016
69,Cyg X-1,Point,299.5903,35.2016
82,Cyg X-2,Point,326.1715,38.3214
50,Cyg X-2,Point,326.1715,38.3214
17,Cyg X-2,Point,326.1715,38.3214
114,Cyg X-2,Point,326.1715,38.3214
51,Cyg X-3,Point,308.1074,40.9577
70,Cyg X-3,Point,308.1074,40.9577
16,Cyg X-3,Point,308.1074,40.9577
13,Cyg X-3,Point,308.1074,40.9577
2,Cyg X-3,Point,308.1074,40.9577
102,Cyg X-3,Point,308.1074,40.9577
66,Cyg X-3,Point,308.1074,40.9577
116,Cyg X-3,Point,308.1074,40.9577
36,Cyg X-3,Point,308.1074,40.9577
89,Cyg X-3,Point,308.1074,40.9577
,Name,obs Mode,J2000_RA,J2000_Dec
20,BLANK_SKY11,Point,319.0534,3.8279
93,BLANK_SKY11,Point,319.0534,3.8279
11,BLANK_SKY2,Point,57.3952,-24.3781
12,BLANK_SKY3,Point,50.3109,-57.196
89,BLANK_SKY4,Point,327.119,-42.4725
13,BLANK_SKY4,Point,327.119,-42.4725
90,BLANK_SKY5,Point,352.7624,-70.3217
19,BLANK_SKY5,Point,352.7624,-70.3217
91,BLANK_SKY6,Point,322.5919,-23.0951
92,BLANK_SKY9,Point,311.3196,-12.6268
110,Cas A,Point,350.85,58.815
121,Crab,Point,83.633,22.0145
76,Cyg X-1,Point,299.5903,35.2016
59,Cyg X-1,Point,299.5903,35.2016
120,Cyg X-1,Point,299.5903,35.2016
64,Cyg X-1,Point,299.5903,35.2016
68,Cyg X-1,Point,299.5903,35.2016
71,Cyg X-1,Point,299.5903,35.2016
73,Cyg X-1,Point,299.5903,35.2016
80,Cyg X-1,Point,299.5903,35.2016
87,Cyg X-1,Point,299.5903,35.2016
56,Cyg X-1,Point,299.5903,35.2016
48,Cyg X-1,Point,299.5903,35.2016
111,Cyg X-1,Point,299.5903,35.2016
94,Cyg X-1,Point,299.5903,35.2016
97,Cyg X-1,Point,299.5903,35.2016
108,Cyg X-1,Point,299.5903,35.2016
35,Cyg X-2,Point,326.1715,38.3214
112,Cyg X-3,Point,308.1074,40.9577
109,Cyg X-3,Point,308.1074,40.9577
95,Cyg X-3,Point,308.1074,40.9577
70,Cyg X-3,Point,308.1074,40.9577
96,GRS 1915+105,Point,288.7981,10.9458
15,GRS 1915+105,Point,288.7981,10.9458
66,GRS 1915+105,Point,288.7981,10.9458
119,GRS 1915+105,Point,288.7981,10.9458
74,GRS 1915+105,Point,288.7981,10.9458
31,GRS 1915+105,Point,288.7981,10.9458
79,GRS 1915+105,Point,288.7981,10.9458
32,H1743-322,Point,266.565,-32.2333
16,H1743-322,Point,266.565,-32.2333
22,H1743-322,Point,266.565,-32.2333
9,H1743-322,Point,266.565,-32.2333
72,MAXI J1820+070,Point,275.091,7.1856
69,MAXI J1820+070,Point,275.091,7.1856
65,MAXI J1820+070,Point,275.091,7.1856
77,MAXI J1820+070,Point,275.091,7.1856
88,MAXI J1820+070,Point,275.091,7.1856
57,MAXI J1820+070,Point,275.091,7.1856
60,MAXI J1820+070,Point,275.091,7.1856
8,MAXI J1820+070,Point,275.091,7.1856
14,MAXI J1820+070,Point,275.091,7.1856
46,MAXI J1820+070,Point,275.091,7.1856
17,MAXI J1820+070,Point,275.091,7.1856
21,MAXI J1820+070,Point,275.091,7.1856
49,MAXI J1820+070,Point,275.091,7.1856
28,MAXI J1820+070,Point,275.091,7.1856
30,MAXI J1820+070,Point,275.091,7.1856
34,MAXI J1820+070,Point,275.091,7.1856
37,MAXI J1820+070,Point,275.091,7.1856
,Name,obs Mode,J2000_RA,J2000_Dec
15,4U 1728-34,Point,262.9905,-33.834
2,4U 1728-34,Point,262.9905,-33.834
4,4U 1728-34,Point,262.9905,-33.834
9,4U 1728-34,Point,262.9905,-33.834
46,B0540-69,Point,85.0452,-69.3317
14,B0540-69,Point,85.0452,-69.3317
20,B0540-69,Point,85.0452,-69.3317
23,B0540-69,Point,85.0452,-69.3317
38,B0540-69,Point,85.0452,-69.3317
27,B0540-69,Point,85.0452,-69.3317
6,B0540-69,Point,85.0452,-69.3317
30,B0540-69,Point,85.0452,-69.3317
42,B0540-69,Point,85.0452,-69.3317
24,B1509-58,Point,228.4813,-59.1358
21,B1509-58,Point,228.4813,-59.1358
28,B1509-58,Point,228.4813,-59.1358
36,B1509-58,Point,228.4813,-59.1358
43,B1509-58,Point,228.4813,-59.1358
33,B1509-58,Point,228.4813,-59.1358
13,B1509-58,Point,228.4813,-59.1358
8,B1509-58,Point,228.4813,-59.1358
76,BLANK_SKY11,Point,319.0534,3.8279
71,BLANK_SKY3,Point,50.3109,-57.196
72,BLANK_SKY5,Point,352.7624,-70.3217
74,BLANK_SKY6,Point,322.5919,-23.0951
75,BLANK_SKY9,Point,311.3196,-12.6268
116,Cas A,Point,350.85,58.815
50,Crab,Point,83.6331,22.0145
41,Crab,Point,83.6331,22.0145
39,Crab,Point,83.6331,22.0145
54,Crab,Point,83.6331,22.0145
37,Crab,Point,83.6331,22.0145
121,Crab,Point,83.6331,22.0145
45,Crab,Point,83.6331,22.0145
32,Crab,Point,83.6331,22.0145
34,Crab,Point,83.6331,22.0145
29,Crab,Point,83.6331,22.0145
25,Crab,Point,83.6331,22.0145
16,Crab,Point,83.6331,22.0145
19,Crab,Point,83.6331,22.0145
12,Crab,Point,83.6331,22.0145
5,Crab,Point,83.6331,22.0145
7,Crab,Point,83.6331,22.0145
98,Cyg X-2,Point,326.1715,38.3214
97,Cyg X-3,Point,308.1074,40.9577
101,GRS 1915+105,Point,288.7981,10.9458
53,GRS 1915+105,Point,288.7981,10.9458
119,GRS 1915+105,Point,288.7981,10.9458
70,GRS 1915+105,Point,288.7981,10.9458
1,GRS 1915+105,Point,288.7981,10.9458
56,GRS 1915+105,Point,288.7981,10.9458
94,GRS 1915+105,Point,288.7981,10.9458
49,GRS 1915+105,Point,288.7981,10.9458
79,GRS 1915+105,Point,288.7981,10.9458
11,GRS 1915+105,Point,288.7981,10.9458
113,GRS 1915+105,Point,288.7981,10.9458
95,GX 17+2,Point,274.0057,-14.0363
3,GX 17+2,Point,274.0057,-14.0363
78,H1743-322,Point,266.565,-32.2333
73,H1743-322,Point,266.565,-32.2333
80,H1743-322,Point,266.565,-32.2333
96,H1743-322,Point,266.565,-32.2333
111,H1743-322,Point,266.565,-32.2333
99,H1743-322,Point,266.565,-32.2333
68,H1743-322,Point,266.565,-32.2333
92,H1743-322,Point,266.565,-32.2333
26,H1743-322,Point,266.565,-32.2333
44,H1743-322,Point,266.565,-32.2333
114,H1743-322,Point,266.565,-32.2333
47,H1743-322,Point,266.565,-32.2333
31,H1743-322,Point,266.565,-32.2333
51,H1743-322,Point,266.565,-32.2333
35,H1743-322,Point,266.565,-32.2333
40,H1743-322,Point,266.565,-32.2333
22,H1743-322,Point,266.565,-32.2333
120,H1743-322,Point,266.565,-32.2333
18,H1743-322,Point,266.565,-32.2333
117,H1743-322,Point,266.565,-32.2333
55,H1743-322,Point,266.565,-32.2333
100,MAXI J1820+070,Point,275.091,7.1856
17,MAXI J1820+070,Point,275.091,7.1856
10,MAXI J1820+070,Point,275.091,7.1856
115,MAXI J1820+070,Point,275.091,7.1856
93,MAXI J1820+070,Point,275.091,7.1856
77,MAXI J1820+070,Point,275.091,7.1856
48,MAXI J1820+070,Point,275.091,7.1856
52,MAXI J1820+070,Point,275.091,7.1856
57,MAXI J1820+070,Point,275.091,7.1856
118,MAXI J1820+070,Point,275.091,7.1856
69,MAXI J1820+070,Point,275.091,7.1856
112,MAXI J1820+070,Point,275.091,7.1856
81,MAXI J1820+070,Point,275.091,7.1856
122,MAXI J1820+070,Point,275.091,7.1856
,Name,obs Mode,J2000_RA,J2000_Dec
140,4U 1728-34,Point,262.9905,-33.834
136,BLANK_SKY11,Point,319.0534,3.8279
7,BLANK_SKY14,Point,258.4627,57.472
70,BLANK_SKY17,Point,233.4943,-3.4427
6,BLANK_SKY17,Point,233.4943,-3.4427
71,BLANK_SKY18,Point,244.3452,20.0333
1,BLANK_SKY2,Point,57.3952,-24.3781
132,BLANK_SKY5,Point,352.7624,-70.3217
67,BLANK_SKY5,Point,352.7624,-70.3217
133,BLANK_SKY6,Point,322.5919,-23.0951
2,BLANK_SKY6,Point,322.5919,-23.0951
3,BLANK_SKY7,Point,312.1284,-36.5756
134,BLANK_SKY7,Point,312.1284,-36.5756
68,BLANK_SKY7,Point,312.1284,-36.5756
69,BLANK_SKY9,Point,311.3196,-12.6268
135,BLANK_SKY9,Point,311.3196,-12.6268
116,Cas A,Point,350.85,58.815
101,Cas A,Point,350.85,58.815
43,Cen X-3,Point,170.3158,-60.623
64,Cir X-1,Point,230.1702,-57.1667
102,Cir X-1,Point,230.1702,-57.1667
80,Cir X-1,Point,230.1702,-57.1667
84,Cir X-1,Point,230.1702,-57.1667
100,Cir X-1,Point,230.1702,-57.1667
76,Cir X-1,Point,230.1702,-57.1667
50,Cir X-1,Point,230.1702,-57.1667
53,Cir X-1,Point,230.1702,-57.1667
72,Cir X-1,Point,230.1702,-57.1667
105,Cir X-1,Point,230.1702,-57.1667
139,Crab,Point,83.6331,22.0145
23,Cyg X-1,Point,299.5903,35.2016
79,Cyg X-2,Point,326.1715,38.3214
26,Cyg X-2,Point,326.1715,38.3214
29,Cyg X-3,Point,308.1074,40.9577
42,GRS 1915+105,Point,288.7981,10.9458
45,GRS 1915+105,Point,288.7981,10.9458
51,GRS 1915+105,Point,288.7981,10.9458
75,GRS 1915+105,Point,288.7981,10.9458
48,GRS 1915+105,Point,288.7981,10.9458
131,GRS 1915+105,Point,288.7981,10.9458
66,GRS 1915+105,Point,288.7981,10.9458
83,GRS 1915+105,Point,288.7981,10.9458
138,GRS 1915+105,Point,288.7981,10.9458
99,GRS 1915+105,Point,288.7981,10.9458
9,GRS 1915+105,Point,288.7981,10.9458
28,GRS 1915+105,Point,288.7981,10.9458
104,GRS 1915+105,Point,288.7981,10.9458
25,GRS 1915+105,Point,288.7981,10.9458
22,GRS 1915+105,Point,288.7981,10.9458
117,GRS 1915+105,Point,288.7981,10.9458
5,GRS 1915+105,Point,288.7981,10.9458
46,GX 17+2,Point,274.0057,-14.0363
49,GX 9+9,Point,262.934,-16.9614
141,GX 9+9,Point,262.934,-16.9614
73,Her X-1,Point,254.4575,35.3423
81,Her X-1,Point,254.4575,35.3423
85,Her X-1,Point,254.4575,35.3423
97,Her X-1,Point,254.4575,35.3423
77,Her X-1,Point,254.4575,35.3423
74,MAXI J1820+070,Point,275.091,7.1856
82,MAXI J1820+070,Point,275.091,7.1856
98,MAXI J1820+070,Point,275.091,7.1856
103,MAXI J1820+070,Point,275.091,7.1856
137,MAXI J1820+070,Point,275.091,7.1856
118,MAXI J1820+070,Point,275.091,7.1856
130,MAXI J1820+070,Point,275.091,7.1856
142,MAXI J1820+070,Point,275.091,7.1856
27,MAXI J1820+070,Point,275.091,7.1856
4,MAXI J1820+070,Point,275.091,7.1856
8,MAXI J1820+070,Point,275.091,7.1856
21,MAXI J1820+070,Point,275.091,7.1856
24,MAXI J1820+070,Point,275.091,7.1856
65,MAXI J1820+070,Point,275.091,7.1856
41,MAXI J1820+070,Point,275.091,7.1856
44,MAXI J1820+070,Point,275.091,7.1856
47,MAXI J1820+070,Point,275.091,7.1856
52,MAXI J1820+070,Point,275.091,7.1856
78,Sco X-1,Point,244.9794,-15.6403
,Name,obs Mode,J2000_RA,J2000_Dec
17,4U 1608-52,Point,243.179,-52.423
4,4U 1608-52,Point,243.179,-52.423
8,4U 1608-52,Point,243.179,-52.423
24,4U 1608-52,Point,243.179,-52.423
23,4U 1630-472,Point,248.5067,-47.393
3,4U 1630-472,Point,248.5067,-47.393
16,4U 1630-472,Point,248.5067,-47.393
7,4U 1630-472,Point,248.5067,-47.393
25,4U 1636-536,Point,250.231,-53.751
44,4U 1636-536,Point,250.231,-53.751
28,4U 1636-536,Point,250.231,-53.751
48,4U 1636-536,Point,250.231,-53.751
9,4U 1636-536,Point,250.231,-53.751
21,4U 1636-536,Point,250.231,-53.751
18,4U 1636-536,Point,250.231,-53.751
5,4U 1636-536,Point,250.231,-53.751
36,4U 1636-536,Point,250.231,-53.751
40,4U 1636-536,Point,250.231,-53.751
32,4U 1636-536,Point,250.231,-53.751
97,BLANK_SKY13,Point,234.3967,-20.1846
96,BLANK_SKY17,Point,233.4943,-3.4427
133,Cas A,Point,350.85,58.815
94,Cen X-3,Point,170.3158,-60.623
76,Cyg X-1,Point,299.5903,35.2016
82,Cyg X-2,Point,326.1715,38.3214
46,Cyg X-3,Point,308.1074,40.9577
42,Cyg X-3,Point,308.1074,40.9577
34,Cyg X-3,Point,308.1074,40.9577
30,Cyg X-3,Point,308.1074,40.9577
38,Cyg X-3,Point,308.1074,40.9577
20,Cyg X-3,Point,308.1074,40.9577
26,Cyg X-3,Point,308.1074,40.9577
116,GRS 1915+105,Point,288.7981,10.9458
112,GRS 1915+105,Point,288.7981,10.9458
99,GRS 1915+105,Point,288.7981,10.9458
119,GRS 1915+105,Point,288.7981,10.9458
95,GRS 1915+105,Point,288.7981,10.9458
60,GRS 1915+105,Point,288.7981,10.9458
135,GRS 1915+105,Point,288.7981,10.9458
92,GRS 1915+105,Point,288.7981,10.9458
132,GRS 1915+105,Point,288.7981,10.9458
80,GRS 1915+105,Point,288.7981,10.9458
77,GRS 1915+105,Point,288.7981,10.9458
74,GRS 1915+105,Point,288.7981,10.9458
64,GRS 1915+105,Point,288.7981,10.9458
49,GRS 1915+105,Point,288.7981,10.9458
79,GX 17+2,Point,274.0057,-14.0363
113,GX 17+2,Point,274.0057,-14.0363
117,GX 301-2,Point,186.6565,-62.7703
31,H 1417-624,Point,215.3033,-62.6983
47,H 1417-624,Point,215.3033,-62.6983
27,H 1417-624,Point,215.3033,-62.6983
35,H 1417-624,Point,215.3033,-62.6983
22,H 1417-624,Point,215.3033,-62.6983
43,H 1417-624,Point,215.3033,-62.6983
19,H 1417-624,Point,215.3033,-62.6983
39,H 1417-624,Point,215.3033,-62.6983
33,MAXI J1820+070,Point,275.091,7.1856
78,MAXI J1820+070,Point,275.091,7.1856
81,MAXI J1820+070,Point,275.091,7.1856
37,MAXI J1820+070,Point,275.091,7.1856
134,MAXI J1820+070,Point,275.091,7.1856
75,MAXI J1820+070,Point,275.091,7.1856
93,MAXI J1820+070,Point,275.091,7.1856
63,MAXI J1820+070,Point,275.091,7.1856
6,MAXI J1820+070,Point,275.1083,7.0369
61,MAXI J1820+070,Point,275.091,7.1856
41,MAXI J1820+070,Point,275.091,7.1856
131,MAXI J1820+070,Point,275.091,7.1856
118,MAXI J1820+070,Point,275.091,7.1856
98,MAXI J1820+070,Point,275.091,7.1856
115,MAXI J1820+070,Point,275.091,7.1856
29,MAXI J1820+070,Point,275.091,7.1856
45,MAXI J1820+070,Point,275.091,7.1856
50,MAXI J1820+070,Point,275.091,7.1856
111,MAXI J1820+070,Point,275.091,7.1856
114,Sco X-1,Point,244.9794,-15.6403
,Name,obs Mode,J2000_RA,J2000_Dec
97,4U 1608-52,Point,243.1789,-52.4229
109,4U 1608-52,Point,243.1789,-52.4229
117,4U 1608-52,Point,243.179,-52.423
102,4U 1608-52,Point,243.1789,-52.4229
105,4U 1608-52,Point,243.1789,-52.4229
121,4U 1608-52,Point,243.179,-52.423
125,4U 1608-52,Point,243.179,-52.423
112,4U 1608-52,Point,243.179,-52.423
108,4U 1630-472,Point,248.5067,-47.393
120,4U 1630-472,Point,248.5067,-47.393
116,4U 1630-472,Point,248.5067,-47.393
77,4U 1630-472,Point,248.5067,-47.393
124,4U 1630-472,Point,248.5067,-47.393
96,4U 1630-472,Point,248.5067,-47.393
104,4U 1630-472,Point,248.5067,-47.393
84,4U 1630-472,Point,248.5067,-47.393
100,4U 1630-472,Point,248.5067,-47.393
92,4U 1630-472,Point,248.5067,-47.393
72,4U 1630-472,Point,248.5067,-47.393
111,4U 1630-472,Point,248.5067,-47.393
115,4U 1636-536,Point,250.231,-53.751
118,4U 1636-536,Point,250.231,-53.751
122,4U 1636-536,Point,250.231,-53.751
126,4U 1636-536,Point,250.231,-53.751
110,4U 1636-536,Point,250.231,-53.751
23,8hr,Point,124,-78.75
53,8hr,Point,124,-78.75
46,8hr,Point,124,-78.75
29,8hr,Point,124,-78.75
40,8hr,Point,124,-78.75
35,8hr,Point,124,-78.75
37,Antlia,Point,157.5,-35.3333
55,Antlia,Point,157.5,-35.3333
42,Antlia,Point,157.5,-35.3333
48,Antlia,Point,157.5,-35.3333
31,Antlia,Point,157.5,-35.3333
25,Antlia,Point,157.5,-35.3333
21,BLANK_SKY13,Point,234.3967,-20.1846
98,BLANK_SKY13,Point,234.3967,-20.1846
93,BLANK_SKY14,Point,258.4627,57.472
20,BLANK_SKY17,Point,233.4943,-3.4427
19,BLANK_SKY18,Point,244.3452,20.0333
99,BLANK_SKY18,Point,244.3452,20.0333
51,BLANK_SKY3,Point,50.3109,-57.196
94,BLANK_SKY3,Point,50.3109,-57.196
52,BLANK_SKY7,Point,312.1284,-36.5756
114,Cen X-3,Point,170.3158,-60.623
26,Centaurus,Point,192.5,-41.3333
32,Centaurus,Point,192.5,-41.3333
38,Centaurus,Point,192.5,-41.3333
4,Cyg X-1,Point,299.5903,35.2016
71,Cyg X-2,Point,326.1715,38.3214
73,Cyg X-2,Point,326.1715,38.3214
76,Cyg X-3,Point,308.1074,40.9577
36,Dusty10,Point,153,-80.8333
47,Dusty10,Point,153,-80.8333
24,Dusty10,Point,153,-80.8333
41,Dusty10,Point,153,-80.8333
54,Dusty10,Point,153,-80.8333
30,Dusty10,Point,153,-80.8333
43,Dusty11,Point,170,-85.3333
49,Dusty11,Point,170,-85.3333
56,Dusty11,Point,170,-85.3333
103,GRS 1915+105,Point,288.7981,10.9458
123,GRS 1915+105,Point,288.7981,10.9458
75,GRS 1915+105,Point,288.7981,10.9458
78,GX 17+2,Point,274.0057,-14.0363
2,GX 9+9,Point,262.934,-16.9614
39,Her X-1,Point,254.4575,35.3423
44,Her X-1,Point,254.4575,35.3423
34,Her X-1,Point,254.4575,35.3423
27,Her X-1,Point,254.4575,35.3423
33,MAXI J1727-203,Point,262.1247,-20.3823
45,MAXI J1727-203,Point,262.1247,-20.3823
68,MAXI J1727-203,Point,262.1247,-20.3823
119,MAXI J1820+070,Point,275.1083,7.0369
95,MAXI J1820+070,Point,275.1083,7.0369
28,MAXI J1820+070,Point,275.1083,7.0369
1,MAXI J1820+070,Point,275.1083,7.0369
50,MAXI J1820+070,Point,275.1083,7.0369
101,MAXI J1820+070,Point,275.1083,7.0369
3,MAXI J1820+070,Point,275.1083,7.0369
22,MAXI J1820+070,Point,275.1083,7.0369
11,MAXI J1820+070,Point,275.1083,7.0369
85,MAXI J1820+070,Point,275.1083,7.0369
5,MAXI J1820+070,Point,275.1083,7.0369
106,MAXI J1820+070,Point,275.1083,7.0369
18,MAXI J1820+070,Point,275.1083,7.0369
69,MAXI J1820+070,Point,275.1083,7.0369
74,MAXI J1820+070,Point,275.1083,7.0369
113,MAXI J1820+070,Point,275.1083,7.0369
107,Sco X-1,Point,244.9794,-15.6403
70,XTE J1946+274,Point,296.414,27.3654
,Name,obs Mode,J2000_RA,J2000_Dec
61,BLANK_SKY14,Point,258.4627,57.472
60,BLANK_SKY17,Point,233.4943,-3.4427
99,BLANK_SKY17,Point,233.4943,-3.4427
97,BLANK_SKY18,Point,244.3452,20.0333
66,BLANK_SKY18,Point,244.3452,20.0333
62,BLANK_SKY19,Point,151.749,2.1364
100,BLANK_SKY19,Point,151.749,2.1364
101,BLANK_SKY5,Point,352.7624,-70.3217
64,BLANK_SKY6,Point,322.5919,-23.0951
65,BLANK_SKY7,Point,312.1284,-36.5756
102,BLANK_SKY7,Point,312.1284,-36.5756
10,Cen X-3,Point,170.3158,-60.623
68,Cen X-3,Point,170.3158,-60.623
13,Cyg X-1,Point,299.5903,35.2016
91,Cyg X-1,Point,299.5903,35.2016
36,Cyg X-2,Point,326.1715,38.3214
26,Cyg X-2,Point,326.1715,38.3214
38,Cyg X-2,Point,326.1715,38.3214
40,Cyg X-2,Point,326.1715,38.3214
23,Cyg X-2,Point,326.1715,38.3214
49,Cyg X-2,Point,326.1715,38.3214
59,Cyg X-2,Point,326.1715,38.3214
119,Cyg X-2,Point,326.1714,38.3214
29,Cyg X-2,Point,326.1715,38.3214
51,Cyg X-2,Point,326.1715,38.3214
32,Cyg X-2,Point,326.1715,38.3214
16,Cyg X-3,Point,308.1074,40.9577
92,Cyg X-3,Point,308.1074,40.9577
96,GRS 1915+105,Point,288.7981,10.9458
75,GRS 1915+105,Point,288.7981,10.9458
35,GRS 1915+105,Point,288.7981,10.9458
121,GRS 1915+105,Point,288.7981,10.9458
20,GRS 1915+105,Point,288.7981,10.9458
93,GX 13+1,Point,273.6314,-17.1574
70,GX 17+2,Point,274.0057,-14.0363
94,GX 17+2,Point,274.0057,-14.0363
71,GX 301-2,Point,186.6565,-62.7703
73,GX 301-2,Point,186.6565,-62.7703
15,H 1417-624,Point,215.3033,-62.6983
12,H 1417-624,Point,215.3033,-62.6983
2,H 1417-624,Point,215.3033,-62.6983
19,H 1417-624,Point,215.3033,-62.6983
9,H 1417-624,Point,215.3033,-62.6983
31,Her X-1,Point,254.4575,35.3423
22,Her X-1,Point,254.4575,35.3423
17,Her X-1,Point,254.4575,35.3423
34,Her X-1,Point,254.4575,35.3423
25,Her X-1,Point,254.4575,35.3423
28,Her X-1,Point,254.4575,35.3423
90,MAXI J1820+070,Point,275.1083,7.0369
1,MAXI J1820+070,Point,275.1083,7.0369
14,MAXI J1820+070,Point,275.1083,7.0369
67,MAXI J1820+070,Point,275.1083,7.0369
69,MAXI J1820+070,Point,275.1083,7.0369
116,MAXI J1820+070,Point,275.1083,7.0369
109,MAXI J1820+070,Point,275.1083,7.0369
72,MAXI J1820+070,Point,275.1083,7.0369
74,MAXI J1820+070,Point,275.1083,7.0369
103,MAXI J1820+070,Point,275.1083,7.0369
11,MAXI J1820+070,Point,275.1083,7.0369
98,MAXI J1820+070,Point,275.1083,7.0369
8,MAXI J1820+070,Point,275.1083,7.0369
30,MAXI J1820+070,Point,275.1083,7.0369
76,MAXI J1820+070,Point,275.1083,7.0369
18,MAXI J1820+070,Point,275.1083,7.0369
120,MAXI J1820+070,Point,275.1083,7.0369
58,MAXI J1820+070,Point,275.1083,7.0369
33,MAXI J1820+070,Point,275.1083,7.0369
27,MAXI J1820+070,Point,275.1083,7.0369
37,MAXI J1820+070,Point,275.1083,7.0369
39,MAXI J1820+070,Point,275.1083,7.0369
24,MAXI J1820+070,Point,275.1083,7.0369
63,MAXI J1820+070,Point,275.1083,7.0369
21,MAXI J1820+070,Point,275.1083,7.0369
50,MAXI J1820+070,Point,275.1083,7.0369
48,MAXI J1820+070,Point,275.1083,7.0369
95,Sco X-1,Point,244.9794,-15.6403
,Name,obs Mode,J2000_RA,J2000_Dec
8,4U 1636-536,Point,250.231,-53.751
2,4U 1636-536,Point,250.231,-53.751
86,4U 1728-34,Point,262.9905,-33.834
97,BLANK_SKY14,Point,258.4627,57.472
88,BLANK_SKY20,Point,145.0792,23.0907
96,BLANK_SKY5,Point,352.7624,-70.3217
89,BLANK_SKY7,Point,312.1284,-36.5756
95,BLANK_SKY9,Point,311.3196,-12.6268
58,Cen X-3,Point,170.3158,-60.623
1,Crab,Point,83.6331,22.0145
4,Cyg X-1,Point,299.5903,35.2016
66,Cyg X-1,Point,299.5903,35.2016
82,Cyg X-3,Point,308.1074,40.9577
33,Cyg X-3,Point,308.1074,40.9577
28,GRS 1915+105,Point,288.7981,10.9458
31,GRS 1915+105,Point,288.7981,10.9458
61,GRS 1915+105,Point,288.7981,10.9458
108,GRS 1915+105,Point,288.7981,10.9458
39,GRS 1915+105,Point,288.7981,10.9458
53,GRS 1915+105,Point,288.7981,10.9458
50,GRS 1915+105,Point,288.7981,10.9458
34,GRS 1915+105,Point,288.7981,10.9458
37,GRS 1915+105,Point,288.7981,10.9458
47,GRS 1915+105,Point,288.7981,10.9458
92,GRS 1915+105,Point,288.7981,10.9458
19,GRS 1915+105,Point,288.7981,10.9458
17,GRS 1915+105,Point,288.7981,10.9458
6,GRS 1915+105,Point,288.7981,10.9458
87,GX 17+2,Point,274.0057,-14.0363
35,GX 17+2,Point,274.0057,-14.0363
30,GX 301-2,Point,186.6565,-62.7703
3,GX 9+9,Point,262.934,-16.9614
56,GX 9+9,Point,262.934,-16.9614
51,H 1417-624,Point,215.3033,-62.6983
99,H 1417-624,Point,215.3033,-62.6983
107,H 1417-624,Point,215.3033,-62.6983
94,H 1417-624,Point,215.3033,-62.6983
68,H 1417-624,Point,215.3033,-62.6983
74,H 1417-624,Point,215.3033,-62.6983
90,H 1417-624,Point,215.3033,-62.6983
85,H 1417-624,Point,215.3033,-62.6983
62,H 1417-624,Point,215.3033,-62.6983
65,H 1417-624,Point,215.3033,-62.6983
49,H 1417-624,Point,215.3033,-62.6983
57,H 1417-624,Point,215.3033,-62.6983
81,H 1417-624,Point,215.3033,-62.6983
54,H 1417-624,Point,215.3033,-62.6983
45,H 1417-624,Point,215.3033,-62.6983
40,H 1417-624,Point,215.3033,-62.6983
64,IGR J16328-4726,Point,248.1577,-47.3948
60,IGR J16328-4726,Point,248.1577,-47.3948
98,MAXI J1820+070,Point,275.1083,7.0369
80,MAXI J1820+070,Point,275.1083,7.0369
84,MAXI J1820+070,Point,275.1083,7.0369
18,MAXI J1820+070,Point,275.1083,7.0369
16,MAXI J1820+070,Point,275.1083,7.0369
91,MAXI J1820+070,Point,275.1083,7.0369
67,MAXI J1820+070,Point,275.1083,7.0369
93,MAXI J1820+070,Point,275.1083,7.0369
10,MAXI J1820+070,Point,275.1083,7.0369
48,MAXI J1820+070,Point,275.1083,7.0369
63,MAXI J1820+070,Point,275.1083,7.0369
27,MAXI J1820+070,Point,275.1083,7.0369
29,MAXI J1820+070,Point,275.1083,7.0369
73,MAXI J1820+070,Point,275.1083,7.0369
59,MAXI J1820+070,Point,275.1083,7.0369
32,MAXI J1820+070,Point,275.1083,7.0369
36,MAXI J1820+070,Point,275.1083,7.0369
38,MAXI J1820+070,Point,275.1083,7.0369
55,MAXI J1820+070,Point,275.1083,7.0369
106,MAXI J1820+070,Point,275.1083,7.0369
52,MAXI J1820+070,Point,275.1083,7.0369
5,MAXI J1820+070,Point,275.1083,7.0369
46,MAXI J1820+070,Point,275.1083,7.0369
9,NGC 6624,Point,275.9188,-30.361
83,Sco X-1,Point,244.9794,-15.6403
7,Sco X-1,Point,244.9794,-15.6403
15,Swift J1756.9-2508,Point,269.2389,-25.1077
,Name,obs Mode,J2000_RA,J2000_Dec
49,2A 1822-371,Point,276.445,-37.1052
54,4U 1636-536,Point,250.231,-53.751
41,4U 1636-536,Point,250.231,-53.751
12,4U 1636-536,Point,250.231,-53.751
21,4U 1636-536,Point,250.231,-53.751
33,4U 1636-536,Point,250.231,-53.751
48,4U 1636-536,Point,250.231,-53.751
92,4U 1636-536,Point,250.231,-53.751
2,4U 1636-536,Point,250.231,-53.751
87,4U 1636-536,Point,250.231,-53.751
3,4U 1728-34,Point,262.9905,-33.834
62,Aql X-1,Point,287.8169,0.58494
68,Aql X-1,Point,287.8169,0.58494
65,Aql X-1,Point,287.8169,0.58494
60,BLANK_SKY12,Point,129.9525,4.7236
42,BLANK_SKY13,Point,234.3967,-20.1846
59,BLANK_SKY14,Point,258.4627,57.472
46,BLANK_SKY14,Point,258.4627,57.472
44,BLANK_SKY15,Point,142.4784,5.7199
43,BLANK_SKY17,Point,233.4942,-3.4427
57,BLANK_SKY17,Point,233.4943,-3.4427
58,BLANK_SKY18,Point,244.3452,20.0333
61,BLANK_SKY20,Point,145.0792,23.0907
47,BLANK_SKY21,Point,193.2758,68.4275
14,Cen X-3,Point,170.3158,-60.623
90,Cen X-3,Point,170.3158,-60.623
19,Cir X-1,Point,230.1702,-57.1667
15,Cir X-1,Point,230.1702,-57.1667
6,Cir X-1,Point,230.1702,-57.1667
10,Cir X-1,Point,230.1702,-57.1667
25,Cir X-1,Point,230.1702,-57.1667
70,Crab,Point,83.6331,22.0145
91,Crab,Point,83.6331,22.0145
51,Crab,Point,83.6331,22.0145
67,Crab,Point,83.6331,22.0145
64,Crab,Point,83.6331,22.0145
9,Crab,Point,83.6331,22.0145
86,Crab,Point,83.6331,22.0145
72,Crab,Point,83.6331,22.0145
39,Crab,Point,83.6331,22.0145
88,GRS 1915+105,Point,288.7981,10.9458
18,GX 17+2,Point,274.0057,-14.0363
94,GX 17+2,Point,274.0057,-14.0363
5,GX 301-2,Point,186.6565,-62.7703
27,GX 301-2,Point,186.6565,-62.7703
13,GX 301-2,Point,186.6565,-62.7703
17,GX 301-2,Point,186.6565,-62.7703
22,GX 301-2,Point,186.6565,-62.7703
32,GX 9+9,Point,262.934,-16.9614
63,MAXI J1820+070,Point,275.1083,7.0369
69,MAXI J1820+070,Point,275.1083,7.0369
71,MAXI J1820+070,Point,275.1083,7.0369
78,MAXI J1820+070,Point,275.1083,7.0369
93,MAXI J1820+070,Point,275.1083,7.0369
89,MAXI J1820+070,Point,275.1083,7.0369
85,MAXI J1820+070,Point,275.1083,7.0369
95,MAXI J1820+070,Point,275.1083,7.0369
55,MAXI J1820+070,Point,275.1083,7.0369
52,MAXIJ1820+070,Point,275.1083,7.0369
8,Sco X-1,Point,244.9794,-15.6403
1,Swift J1658.2-4242,Point,254.55,-42.7
4,Swift J1658.2-4242,Point,254.55,-42.7
7,Swift J1658.2-4242,Point,254.55,-42.7
11,Swift J1658.2-4242,Point,254.55,-42.7
16,Swift J1658.2-4242,Point,254.55,-42.7
20,Swift J1658.2-4242,Point,254.55,-42.7
34,Swift J1658.2-4242,Point,254.55,-42.7
40,Swift J1658.2-4242,Point,254.55,-42.7
31,Swift J1658.2-4242,Point,254.55,-42.7
26,Swift J1658.2-4242,Point,254.55,-42.7
53,Swift J1658.2-4242,Point,254.55,-42.7
56,Swift J1658.2-4242,Point,254.55,-42.7
66,Swift J1658.2-4242,Point,254.55,-42.7
45,Swift J1658.2-4242,Point,254.55,-42.7
50,Swift J1658.2-4242,Point,254.55,-42.7
,Name,obs Mode,J2000_RA,J2000_Dec
48,4U 1636-536,Point,250.231,-53.751
41,4U 1636-536,Point,250.231,-53.751
103,4U 1636-536,Point,250.231,-53.751
55,4U 1636-536,Point,250.231,-53.751
89,4U 1636-536,Point,250.231,-53.751
66,4U 1636-536,Point,250.231,-53.751
81,4U 1636-536,Point,250.231,-53.751
60,4U 1636-536,Point,250.231,-53.751
28,B1509-58,Point,228.4813,-59.1358
25,BLANK_SKY1,Point,49.5352,-7.315
27,BLANK_SKY12,Point,129.9525,4.7236
19,BLANK_SKY13,Point,234.3967,-20.1846
85,BLANK_SKY13,Point,234.3967,-20.1846
20,BLANK_SKY16,Point,176.7384,-20.6881
84,BLANK_SKY16,Point,176.7384,-20.6881
83,BLANK_SKY20,Point,145.0791,23.0906
87,BLANK_SKY21,Point,193.2757,68.4275
88,BLANK_SKY3,Point,50.3109,-57.196
26,BLANK_SKY8,Point,50.1817,17.5512
62,Cas A,Point,350.85,58.815
56,Cen X-3,Point,170.3158,-60.623
15,Cen X-3,Point,170.3158,-60.623
50,Cosmos Field,Point,150.1192,2.2058
43,Cosmos Field,Point,150.1191,2.2058
54,Cosmos Field,Point,150.1192,2.2058
47,Cosmos Field,Point,150.1191,2.2058
46,Crab,Point,83.6331,22.0145
22,Crab,Point,83.6331,22.0145
105,Crab,Point,83.6331,22.0145
78,Crab,Point,83.6331,22.0145
2,Crab,Point,83.6331,22.0145
61,Crab,Point,83.6331,22.0145
53,GRO J1008-57,Point,152.4333,-58.295
24,GRO J1008-57,Point,152.4333,-58.295
45,GRO J1008-57,Point,152.4333,-58.295
59,GRO J1008-57,Point,152.4333,-58.295
79,GRO J1008-57,Point,152.4333,-58.295
30,GRO J1008-57,Point,152.4333,-58.295
65,GRO J1008-57,Point,152.4333,-58.295
3,GRO J1008-57,Point,152.4333,-58.295
108,GRO J1750-27,Point,267.2908,-26.6369
49,GX 301-2,Point,186.6565,-62.7703
106,GX 9+9,Point,262.934,-16.9614
102,Her X-1,Point,254.4575,35.3423
80,MAXI J1535-571,Point,233.832,-57.23
58,MAXI J1535-571,Point,233.832,-57.23
52,MAXI J1535-571,Point,233.832,-57.23
64,MAXI J1535-571,Point,233.832,-57.23
109,MAXI J1535-571,Point,233.832,-57.23
40,MAXI J1535-571,Point,233.832,-57.23
44,MAXI J1535-571,Point,233.832,-57.23
17,MAXI J1535-571,Point,233.832,-57.23
23,MAXI J1535-571,Point,233.832,-57.23
4,MAXI J1535-571,Point,233.832,-57.23
18,Sco X-1,Point,244.9794,-15.6403
76,Swift J1658.2-4242,Point,254.55,-42.7
104,Swift J1658.2-4242,Point,254.55,-42.7
101,Swift J1658.2-4242,Point,254.55,-42.7
96,Swift J1658.2-4242,Point,254.55,-42.7
86,Swift J1658.2-4242,Point,254.55,-42.7
107,Swift J1658.2-4242,Point,254.55,-42.7
90,Swift J1658.2-4242,Point,254.55,-42.7
82,Swift J1658.2-4242,Point,254.55,-42.7
1,Swift_J0243.6+6124,Point,40.918,61.4341
42,Swift_J0243.6+6124,Point,40.918,61.4341
77,Swift_J0243.6+6124,Point,40.918,61.4341
21,Swift_J0243.6+6124,Point,40.918,61.4341
63,Swift_J0243.6+6124,Point,40.918,61.4341
29,Swift_J0243.6+6124,Point,40.918,61.4341
57,Swift_J0243.6+6124,Point,40.918,61.4341
51,Swift_J0243.6+6124,Point,40.918,61.4341
14,Swift_J0243.6+6124,Point,40.918,61.4341
16,Swift_J0243.6+6124,Point,40.918,61.4341
,Name,obs Mode,J2000_RA,J2000_Dec
,Name,obs Mode,J2000_RA,J2000_Dec
,Name,obs Mode,J2000_RA,J2000_Dec
,Name,obs Mode,J2000_RA,J2000_Dec
,Name,obs Mode,J2000_RA,J2000_Dec
,Name,obs Mode,J2000_RA,J2000_Dec
,Name,obs Mode,J2000_RA,J2000_Dec
