ra,dec,clon,clat,sigra,sigdec,sigradec,w1mpro,w1sigmpro,w1snr,w1rchi2,w2mpro,w2sigmpro,w2snr,w2rchi2,nb,na,cc_flags,ph_qual,qual_frame,mjd,allwise_cntr,w1mpro_allwise,w1sigmpro_allwise,w2mpro_allwise,w2sigmpro_allwise,w3mpro_allwise,w3sigmpro_allwise,w4mpro_allwise,w4sigmpro_allwise,tmass_key,j_m_2mass,j_msig_2mass,h_m_2mass,h_msig_2mass,k_m_2mass,k_msig_2mass,dist,angle
55.3379860,-0.1534565,b'03h41m21.12s',b'-00d09m12.44s',0.2140,0.2032,-0.0610,14.472,0.068,16.0,1.790,14.066,0.153,7.1,0.559,1,0,b'0000',b'AB',10,58345.99940023,559100001351034383,14.288,0.029,13.696,0.036,11.222,0.165,8.596,,,,,,,,,0.027491,211.60741
55.3379823,-0.1534497,b'03h41m21.12s',b'-00d09m12.42s',0.2572,0.2314,-0.0856,14.741,0.079,13.7,1.800,14.166,0.152,7.1,0.855,1,0,b'0000',b'AB',10,58505.88353293,559100001351034383,14.288,0.029,13.696,0.036,11.222,0.165,8.596,,,,,,,,,0.027662,272.231183
55.3379961,-0.1534451,b'03h41m21.12s',b'-00d09m12.40s',0.2310,0.2359,-0.1092,14.653,0.084,13.0,0.619,14.013,0.148,7.3,0.480,1,0,b'0000',b'AB',5,56698.78734595,559100001351034383,14.288,0.029,13.696,0.036,11.222,0.165,8.596,,,,,,,,,0.02817,51.225729
55.3379878,-0.1534588,b'03h41m21.12s',b'-00d09m12.45s',0.1964,0.2276,-0.0551,14.746,0.077,14.1,0.836,13.974,0.144,7.6,0.817,1,0,b'0000',b'AB',10,56698.85330707,559100001351034383,14.288,0.029,13.696,0.036,11.222,0.165,8.596,,,,,,,,,0.032673,194.036195
55.3379879,-0.1534611,b'03h41m21.12s',b'-00d09m12.46s',0.1833,0.1750,-0.0666,14.361,0.061,17.7,1.370,13.747,0.149,7.3,0.554,1,0,b'0000',b'AB',10,58139.68563763,559100001351034383,14.288,0.029,13.696,0.036,11.222,0.165,8.596,,,,,,,,,0.04066,190.713085
55.3380030,-0.1534491,b'03h41m21.12s',b'-00d09m12.42s',0.2003,0.1854,-0.0809,14.431,0.063,17.2,1.278,14.044,0.135,8.0,0.741,1,0,b'0000',b'AB',10,57418.46607315,559100001351034383,14.288,0.029,13.696,0.036,11.222,0.165,8.596,,,,,,,,,0.046916,86.039674
55.3380037,-0.1534510,b'03h41m21.12s',b'-00d09m12.42s',0.1733,0.1789,-0.0517,14.320,0.062,17.5,0.873,14.134,0.175,6.2,1.015,1,0,b'0000',b'AB',5,56889.22602165,559100001351034383,14.288,0.029,13.696,0.036,11.222,0.165,8.596,,,,,,,,,0.049465,94.174785
55.3380049,-0.1534501,b'03h41m21.12s',b'-00d09m12.42s',0.2043,0.1993,-0.0633,14.456,0.066,16.4,0.917,14.428,0.207,5.2,0.959,1,0,b'0000',b'AB',10,57250.94785804,559100001351034383,14.288,0.029,13.696,0.036,11.222,0.165,8.596,,,,,,,,,0.053678,90.384531
55.3379988,-0.1534331,b'03h41m21.12s',b'-00d09m12.36s',0.2326,0.2126,-0.0785,14.454,0.072,15.1,1.041,13.790,0.199,5.4,0.804,1,0,b'0000',b'AB',10,56885.54225050,559100001351034383,14.288,0.029,13.696,0.036,11.222,0.165,8.596,,,,,,,,,0.06859,27.506362
55.3379785,-0.1534682,b'03h41m21.11s',b'-00d09m12.49s',0.1877,0.1787,-0.0400,14.329,0.064,17.1,1.011,13.828,0.140,7.7,0.843,1,0,b'0000',b'AB',10,58139.29292657,559100001351034383,14.288,0.029,13.696,0.036,11.222,0.165,8.596,,,,,,,,,0.077513,212.287394
55.3379900,-0.1534735,b'03h41m21.12s',b'-00d09m12.50s',0.1767,0.1893,-0.0723,14.287,0.062,17.6,1.506,13.740,0.139,7.8,0.627,1,0,b'0000',b'AB',10,57057.54663697,559100001351034383,14.288,0.029,13.696,0.036,11.222,0.165,8.596,,,,,,,,,0.084621,180.0
55.3380157,-0.1534540,b'03h41m21.12s',b'-00d09m12.43s',0.2117,0.2032,-0.0885,14.418,0.072,15.0,1.041,13.870,0.156,7.0,0.366,1,0,b'0000',b'AB',10,57418.07272494,559100001351034383,14.288,0.029,13.696,0.036,11.222,0.165,8.596,,,,,,,,,0.093631,98.846683
55.3379752,-0.1534276,b'03h41m21.11s',b'-00d09m12.34s',0.2433,0.2260,-0.0918,14.649,0.077,14.2,1.074,14.321,0.215,5.0,0.864,1,0,b'0000',b'AB',10,56699.11676942,559100001351034383,14.288,0.029,13.696,0.036,11.222,0.165,8.596,,,,,,,,,0.096659,326.546785
55.3379674,-0.1534664,b'03h41m21.11s',b'-00d09m12.48s',0.2794,0.2698,-0.0945,14.826,0.092,11.8,1.308,14.185,0.250,4.3,0.618,1,0,b'0000',b'AB',10,57978.81597134,559100001351034383,14.288,0.029,13.696,0.036,11.222,0.165,8.596,,,,,,,,,0.10054,234.032872
55.3379869,-0.1534144,b'03h41m21.12s',b'-00d09m12.29s',0.2755,0.2820,-0.0097,14.656,0.101,10.7,2.514,13.912,0.147,7.4,0.651,1,0,b'0000',b'AB',5,58711.01004100,559100001351034383,14.288,0.029,13.696,0.036,11.222,0.165,8.596,,,,,,,,,0.128651,355.023332
55.3380108,-0.1534792,b'03h41m21.12s',b'-00d09m12.53s',0.2069,0.1792,-0.0806,14.307,0.066,16.6,0.587,13.647,0.116,9.4,0.797,1,0,b'0000',b'AB',10,56889.02864773,559100001351034383,14.288,0.029,13.696,0.036,11.222,0.165,8.596,,,,,,,,,0.129054,144.536733
55.3380056,-0.1534126,b'03h41m21.12s',b'-00d09m12.29s',0.2281,0.2183,-0.0796,14.701,0.076,14.3,0.918,13.882,0.135,8.0,0.852,1,0,b'0000',b'AB',10,58505.75262939,559100001351034383,14.288,0.029,13.696,0.036,11.222,0.165,8.596,,,,,,,,,0.14589,22.641544
55.3379930,-0.1534090,b'03h41m21.12s',b'-00d09m12.27s',0.2007,0.2010,-0.1007,14.462,0.068,16.1,1.198,13.957,0.132,8.2,0.611,1,0,b'0000',b'AB',10,57250.81657266,559100001351034383,14.288,0.029,13.696,0.036,11.222,0.165,8.596,,,,,,,,,0.14798,4.184901
55.3379659,-0.1534145,b'03h41m21.11s',b'-00d09m12.29s',0.2091,0.2052,-0.0787,14.448,0.073,14.9,1.112,13.908,0.215,5.1,0.515,1,0,b'0000',b'AB',10,58505.42549773,559100001351034383,14.288,0.029,13.696,0.036,11.222,0.165,8.596,,,,,,,,,0.154476,325.828562
55.3379906,-0.1534067,b'03h41m21.12s',b'-00d09m12.26s',0.1524,0.1648,-0.0717,14.153,0.053,20.5,0.990,13.612,0.110,9.9,0.961,1,0,b'0000',b'AB',10,57057.94074841,559100001351034383,14.288,0.029,13.696,0.036,11.222,0.165,8.596,,,,,,,,,0.155907,0.793883
55.3379576,-0.1534207,b'03h41m21.11s',b'-00d09m12.31s',0.3197,0.3151,-0.0824,14.942,0.111,9.8,1.173,14.017,0.162,6.7,0.772,1,0,b'0000',b'BB',0,57615.28477200,559100001351034383,14.288,0.029,13.696,0.036,11.222,0.165,8.596,,,,,,,,,0.157264,312.123803
55.3379791,-0.1534069,b'03h41m21.11s',b'-00d09m12.26s',0.1449,0.1727,-0.0751,14.231,0.059,18.5,0.936,13.700,0.155,7.0,0.891,1,0,b'0000',b'AB',10,57057.80946279,559100001351034383,14.288,0.029,13.696,0.036,11.222,0.165,8.596,,,,,,,,,0.160033,345.807516
55.3380341,-0.1534588,b'03h41m21.13s',b'-00d09m12.45s',0.1971,0.2287,-0.1136,14.373,0.081,13.4,1.367,14.212,0.194,5.6,0.851,1,0,b'0000',b'AB',5,58710.48668301,559100001351034383,14.288,0.029,13.696,0.036,11.222,0.165,8.596,,,,,,,,,0.161882,101.284985
55.3380148,-0.1534877,b'03h41m21.12s',b'-00d09m12.56s',0.1619,0.1603,-0.0625,14.226,0.056,19.3,0.805,13.652,0.107,10.1,0.841,1,0,b'0000',b'AA',10,57058.26928067,559100001351034383,14.288,0.029,13.696,0.036,11.222,0.165,8.596,,,,,,,,,0.162464,146.662178
55.3380036,-0.1534064,b'03h41m21.12s',b'-00d09m12.26s',0.2529,0.2409,-0.1013,14.593,0.078,13.8,0.972,14.211,0.222,4.9,1.037,1,0,b'0000',b'AB',10,58505.03291429,559100001351034383,14.288,0.029,13.696,0.036,11.222,0.165,8.596,,,,,,,,,0.16443,17.324031
55.3379948,-0.1534959,b'03h41m21.12s',b'-00d09m12.59s',0.1748,0.1966,-0.0818,14.403,0.063,17.4,1.173,13.864,0.144,7.5,0.570,1,0,b'0000',b'AB',10,58869.53402869,559100001351034383,14.288,0.029,13.696,0.036,11.222,0.165,8.596,,,,,,,,,0.16614400000000001,174.030005
55.3379918,-0.1534038,b'03h41m21.12s',b'-00d09m12.25s',0.2192,0.2767,-0.0735,14.641,0.087,12.5,0.799,14.342,0.241,4.5,0.475,1,0,b'0000',b'AB',10,57781.42817214,559100001351034383,14.288,0.029,13.696,0.036,11.222,0.165,8.596,,,,,,,,,0.166457,2.231167
55.3379807,-0.1534957,b'03h41m21.12s',b'-00d09m12.58s',0.2177,0.2546,-0.1033,14.473,0.075,14.6,1.646,14.265,0.297,3.7,0.466,1,0,b'0000',b'AB',0,58710.42135875,559100001351034383,14.288,0.029,13.696,0.036,11.222,0.165,8.596,,,,,,,,,0.167898,191.502644
55.3380323,-0.1534711,b'03h41m21.13s',b'-00d09m12.50s',0.2085,0.1981,-0.0732,14.353,0.066,16.6,0.851,13.818,0.136,8.0,0.864,1,0,b'0000',b'AB',10,56889.16018795,559100001351034383,14.288,0.029,13.696,0.036,11.222,0.165,8.596,,,,,,,,,0.170161,116.510927
55.3379621,-0.1534886,b'03h41m21.11s',b'-00d09m12.56s',0.2137,0.2537,-0.1012,14.198,0.089,12.3,0.806,13.733,0.160,6.8,0.593,1,0,b'0000',b'AB',5,59078.19051704,559100001351034383,14.288,0.029,13.696,0.036,11.222,0.165,8.596,,,,,,,,,0.171461,215.859227
55.3380049,-0.1534046,b'03h41m21.12s',b'-00d09m12.26s',0.1902,0.1902,-0.1000,14.315,0.070,15.5,1.705,13.728,0.123,8.8,0.686,1,0,b'0000',b'AB',0,59077.73286543,559100001351034383,14.288,0.029,13.696,0.036,11.222,0.165,8.596,,,,,,,,,0.172011,18.169456
55.3379407,-0.1534347,b'03h41m21.11s',b'-00d09m12.36s',0.2232,0.2068,-0.0853,14.560,0.074,14.7,1.789,13.455,0.121,8.9,1.310,1,0,b'0000',b'AB',5,58710.61758613,559100001351034383,14.288,0.029,13.696,0.036,11.222,0.165,8.596,,,,,,,,,0.185818,287.241517
55.3379566,-0.1534096,b'03h41m21.11s',b'-00d09m12.27s',0.1954,0.2426,-0.1065,14.337,0.076,14.3,2.119,13.633,0.140,7.8,0.417,1,0,b'0000',b'AB',10,58138.83476369,559100001351034383,14.288,0.029,13.696,0.036,11.222,0.165,8.596,,,,,,,,,0.188719,320.41845
55.3379348,-0.1534531,b'03h41m21.10s',b'-00d09m12.43s',0.2993,0.3177,-0.1231,14.929,0.100,10.9,2.386,14.464,0.363,3.0,0.718,1,0,b'0000',b'AC',0,57979.79800008,559100001351034383,14.288,0.029,13.696,0.036,11.222,0.165,8.596,,,,,,,,,0.199025,266.785667
55.3380458,-0.1534454,b'03h41m21.13s',b'-00d09m12.40s',0.1470,0.1462,-0.0572,14.192,0.054,20.0,2.070,13.296,0.084,12.9,0.464,1,0,b'0000',b'AA',5,57058.40056630,559100001351034383,14.288,0.029,13.696,0.036,11.222,0.165,8.596,,,,,,,,,0.201572,85.287332
55.3380409,-0.1534746,b'03h41m21.13s',b'-00d09m12.51s',0.2028,0.2059,-0.0862,14.450,0.066,16.4,1.609,13.878,0.138,7.9,0.896,1,0,b'0000',b'AB',10,56698.98497454,559100001351034383,14.288,0.029,13.696,0.036,11.222,0.165,8.596,,,,,,,,,0.203508,115.794586
55.3380462,-0.1534423,b'03h41m21.13s',b'-00d09m12.39s',0.2093,0.2202,0.0076,14.446,0.073,14.8,0.735,13.981,0.160,6.8,0.595,1,0,b'0000',b'AB',10,57781.36259274,559100001351034383,14.288,0.029,13.696,0.036,11.222,0.165,8.596,,,,,,,,,0.204203,82.198414
55.3380447,-0.1534340,b'03h41m21.13s',b'-00d09m12.36s',0.1713,0.1600,-0.0514,14.136,0.058,18.7,1.921,13.949,0.165,6.6,1.271,1,0,b'0000',b'AB',10,58139.55473397,559100001351034383,14.288,0.029,13.696,0.036,11.222,0.165,8.596,,,,,,,,,0.205172,73.695505
55.3380395,-0.1534192,b'03h41m21.13s',b'-00d09m12.31s',0.1367,0.1478,-0.0547,14.189,0.054,20.1,1.544,13.347,0.092,11.9,0.889,1,0,b'0000',b'AA',10,57057.41522403,559100001351034383,14.288,0.029,13.696,0.036,11.222,0.165,8.596,,,,,,,,,0.209883,58.109116
55.3379815,-0.1533918,b'03h41m21.12s',b'-00d09m12.21s',0.2374,0.2264,-0.0921,14.506,0.072,15.1,1.099,14.318,0.325,3.3,0.865,1,0,b'0000',b'AB',10,56694.83515558,559100001351034383,14.288,0.029,13.696,0.036,11.222,0.165,8.596,,,,,,,,,0.211743,351.690835
55.3379333,-0.1534285,b'03h41m21.10s',b'-00d09m12.34s',0.2402,0.2230,-0.0739,14.538,0.071,15.2,1.172,14.333,0.268,4.1,0.581,1,0,b'0000',b'AB',10,56698.65567839,559100001351034383,14.288,0.029,13.696,0.036,11.222,0.165,8.596,,,,,,,,,0.218311,290.76623
55.3379937,-0.1533892,b'03h41m21.12s',b'-00d09m12.20s',0.1741,0.1700,-0.0617,14.311,0.061,17.9,1.468,13.739,0.118,9.2,0.548,1,0,b'0000',b'AB',10,58139.09657109,559100001351034383,14.288,0.029,13.696,0.036,11.222,0.165,8.596,,,,,,,,,0.219283,3.482443
55.3379859,-0.1535119,b'03h41m21.12s',b'-00d09m12.64s',0.2499,0.2667,-0.0839,14.830,0.087,12.5,1.753,14.653,0.309,3.5,0.745,1,0,b'0000',b'AB',0,57982.08944348,559100001351034383,14.288,0.029,13.696,0.036,11.222,0.165,8.596,,,,,,,,,0.223338,183.789487
55.3379549,-0.1533985,b'03h41m21.11s',b'-00d09m12.23s',0.2692,0.2287,-0.0877,14.471,0.079,13.7,1.271,14.058,0.161,6.7,1.035,1,0,b'0000',b'AB',10,58504.90201065,559100001351034383,14.288,0.029,13.696,0.036,11.222,0.165,8.596,,,,,,,,,0.224372,325.723576
55.3379409,-0.1534895,b'03h41m21.11s',b'-00d09m12.56s',0.2644,0.2521,-0.0993,14.691,0.080,13.6,1.129,14.221,0.194,5.6,0.630,1,0,b'0000',b'AB',10,57250.61983552,559100001351034383,14.288,0.029,13.696,0.036,11.222,0.165,8.596,,,,,,,,,0.226863,231.183895
55.3379533,-0.1533979,b'03h41m21.11s',b'-00d09m12.23s',0.2122,0.2035,-0.0772,14.490,0.069,15.7,1.244,14.224,0.207,5.2,0.697,1,0,b'0000',b'AB',10,58345.86849701,559100001351034383,14.288,0.029,13.696,0.036,11.222,0.165,8.596,,,,,,,,,0.22943,324.838672
55.3379820,-0.1535140,b'03h41m21.12s',b'-00d09m12.65s',0.2302,0.2146,0.0315,14.575,0.075,14.5,1.808,13.983,0.147,7.4,1.072,1,0,b'0000',b'AB',10,57781.16623666,559100001351034383,14.288,0.029,13.696,0.036,11.222,0.165,8.596,,,,,,,,,0.232193,187.124991
55.3379918,-0.1535155,b'03h41m21.12s',b'-00d09m12.66s',0.2286,0.2010,0.0350,14.532,0.084,12.9,0.909,13.725,0.123,8.9,0.969,1,0,b'0000',b'AB',10,58869.66493222,559100001351034383,14.288,0.029,13.696,0.036,11.222,0.165,8.596,,,,,,,,,0.235886,178.425861
55.3380010,-0.1533847,b'03h41m21.12s',b'-00d09m12.18s',0.1794,0.2021,-0.0252,14.357,0.063,17.2,1.771,14.308,0.190,5.7,0.434,1,0,b'0000',b'AB',10,57250.75099360,559100001351034383,14.288,0.029,13.696,0.036,11.222,0.165,8.596,,,,,,,,,0.238396,9.561859
55.3380099,-0.1533856,b'03h41m21.12s',b'-00d09m12.19s',0.2368,0.2205,-0.0781,14.685,0.097,11.2,1.525,13.633,0.128,8.5,1.061,1,0,b'0000',b'AB',10,57417.74495591,559100001351034383,14.288,0.029,13.696,0.036,11.222,0.165,8.596,,,,,,,,,0.242658,17.171416
55.3380125,-0.1533854,b'03h41m21.12s',b'-00d09m12.19s',0.1782,0.2187,0.0180,14.382,0.069,15.7,1.045,14.084,0.205,5.3,0.539,1,0,b'0000',b'AB',10,58869.27247635,559100001351034383,14.288,0.029,13.696,0.036,11.222,0.165,8.596,,,,,,,,,0.246271,19.203021
55.3379978,-0.1535183,b'03h41m21.12s',b'-00d09m12.67s',0.2058,0.2325,-0.0981,14.537,0.074,14.7,0.919,14.238,0.175,6.2,0.821,1,0,b'0000',b'AB',10,57781.55907624,559100001351034383,14.288,0.029,13.696,0.036,11.222,0.165,8.596,,,,,,,,,0.247476,173.484953
55.3379686,-0.1533840,b'03h41m21.11s',b'-00d09m12.18s',0.1859,0.1884,-0.0673,14.514,0.068,15.9,1.419,13.619,0.128,8.5,0.383,1,0,b'0000',b'AB',10,58504.90213796,559100001351034383,14.288,0.029,13.696,0.036,11.222,0.165,8.596,,,,,,,,,0.249775,342.035167
55.3379568,-0.1533886,b'03h41m21.11s',b'-00d09m12.20s',0.2752,0.2778,-0.1332,14.724,0.088,12.3,0.738,14.285,0.203,5.3,0.961,1,0,b'0000',b'AB',10,57615.02271072,559100001351034383,14.288,0.029,13.696,0.036,11.222,0.165,8.596,,,,,,,,,0.251283,331.59926
55.3380586,-0.1534315,b'03h41m21.13s',b'-00d09m12.35s',0.1723,0.1793,-0.0595,14.318,0.065,16.7,0.638,13.823,0.137,7.9,0.944,1,0,b'0000',b'AB',5,56889.55493580,559100001351034383,14.288,0.029,13.696,0.036,11.222,0.165,8.596,,,,,,,,,0.255773,74.907501
55.3379199,-0.1534626,b'03h41m21.10s',b'-00d09m12.47s',0.1761,0.1768,-0.0440,14.331,0.063,17.3,1.292,13.595,0.094,11.5,0.933,1,0,b'0000',b'AA',10,58139.22747475,559100001351034383,14.288,0.029,13.696,0.036,11.222,0.165,8.596,,,,,,,,,0.2564,259.810242
55.3380462,-0.1534940,b'03h41m21.13s',b'-00d09m12.58s',0.1529,0.1658,-0.0600,14.291,0.059,18.5,0.768,13.546,0.105,10.4,0.895,1,0,b'0000',b'AA',10,57057.67804985,559100001351034383,14.288,0.029,13.696,0.036,11.222,0.165,8.596,,,,,,,,,0.256952,128.058136
55.3380303,-0.1535090,b'03h41m21.13s',b'-00d09m12.63s',0.2174,0.2256,-0.0748,14.399,0.077,14.2,2.104,13.896,0.149,7.3,0.454,1,0,b'0000',b'AB',0,59077.66741325,559100001351034383,14.288,0.029,13.696,0.036,11.222,0.165,8.596,,,,,,,,,0.257228,145.665033
55.3380502,-0.1534101,b'03h41m21.13s',b'-00d09m12.28s',0.2104,0.2253,-0.0984,14.461,0.072,15.1,1.231,13.922,0.160,6.8,1.162,1,0,b'0000',b'AB',10,58869.14157291,559100001351034383,14.288,0.029,13.696,0.036,11.222,0.165,8.596,,,,,,,,,0.260004,56.463858
55.3379553,-0.1535136,b'03h41m21.11s',b'-00d09m12.65s',0.1984,0.1953,-0.0783,14.346,0.064,16.9,0.968,13.985,0.166,6.5,0.589,1,0,b'0000',b'AB',10,59077.79818958,559100001351034383,14.288,0.029,13.696,0.036,11.222,0.165,8.596,,,,,,,,,0.26082,208.616685
55.3379272,-0.1534137,b'03h41m21.10s',b'-00d09m12.29s',0.1940,0.2170,-0.0649,14.608,0.071,15.3,1.590,14.037,0.131,8.3,0.774,1,0,b'0000',b'AB',10,58505.29459409,559100001351034383,14.288,0.029,13.696,0.036,11.222,0.165,8.596,,,,,,,,,0.261128,300.029095
55.3380048,-0.1535222,b'03h41m21.12s',b'-00d09m12.68s',0.2903,0.2670,-0.1237,14.687,0.097,11.2,0.887,14.126,0.193,5.6,0.857,1,0,b'0000',b'AB',10,56698.72151214,559100001351034383,14.288,0.029,13.696,0.036,11.222,0.165,8.596,,,,,,,,,0.265327,168.415676
55.3380130,-0.1535208,b'03h41m21.12s',b'-00d09m12.67s',0.1693,0.1774,-0.0533,14.329,0.064,17.0,1.608,13.745,0.136,8.0,0.738,1,0,b'0000',b'AB',0,59077.86364120,559100001351034383,14.288,0.029,13.696,0.036,11.222,0.165,8.596,,,,,,,,,0.267984,162.003219
55.3379389,-0.1533951,b'03h41m21.11s',b'-00d09m12.22s',0.1958,0.2168,-0.0912,14.279,0.067,16.2,1.025,13.909,0.180,6.0,0.599,1,0,b'0000',b'AB',10,57058.13786782,559100001351034383,14.288,0.029,13.696,0.036,11.222,0.165,8.596,,,,,,,,,0.270004,317.053223
55.3379580,-0.1535181,b'03h41m21.11s',b'-00d09m12.67s',0.1927,0.2056,-0.0422,14.588,0.072,15.0,0.780,14.140,0.150,7.3,0.580,1,0,b'0000',b'AB',10,58505.29472146,559100001351034383,14.288,0.029,13.696,0.036,11.222,0.165,8.596,,,,,,,,,0.270877,205.168621
55.3379489,-0.1535173,b'03h41m21.11s',b'-00d09m12.66s',0.2355,0.2429,-0.1024,14.605,0.078,14.0,0.757,13.883,0.157,6.9,0.568,1,0,b'0000',b'AB',10,57418.20388350,559100001351034383,14.288,0.029,13.696,0.036,11.222,0.165,8.596,,,,,,,,,0.283887,211.412253
55.3379501,-0.1533804,b'03h41m21.11s',b'-00d09m12.17s',0.2105,0.2170,-0.0801,14.346,0.076,14.4,0.708,14.282,0.506,2.1,0.742,1,0,b'0000',b'AC',10,56886.06853785,559100001351034383,14.288,0.029,13.696,0.036,11.222,0.165,8.596,,,,,,,,,0.288819,330.175482
55.3379106,-0.1534366,b'03h41m21.10s',b'-00d09m12.37s',0.2009,0.2308,-0.0789,14.684,0.077,14.0,1.049,14.065,0.167,6.5,0.236,1,0,b'0000',b'AB',10,57780.96975310,559100001351034383,14.288,0.029,13.696,0.036,11.222,0.165,8.596,,,,,,,,,0.28988,279.579334
55.3379321,-0.1533939,b'03h41m21.10s',b'-00d09m12.22s',0.2048,0.2167,-0.0953,14.261,0.088,12.3,0.974,13.811,0.205,5.3,1.037,1,0,b'0000',b'AB',10,59078.19064435,559100001351034383,14.288,0.029,13.696,0.036,11.222,0.165,8.596,,,,,,,,,0.290238,314.095508
55.3379340,-0.1533904,b'03h41m21.10s',b'-00d09m12.21s',0.2082,0.2515,-0.1075,14.368,0.088,12.4,1.583,13.864,0.154,7.1,0.515,1,0,b'0000',b'AB',5,56888.96281394,559100001351034383,14.288,0.029,13.696,0.036,11.222,0.165,8.596,,,,,,,,,0.294407,316.783824
55.3379178,-0.1534058,b'03h41m21.10s',b'-00d09m12.26s',0.2596,0.3222,-0.0968,14.812,0.102,10.6,0.820,14.237,0.167,6.5,0.696,1,0,b'0000',b'AB',10,57780.96962579,559100001351034383,14.288,0.029,13.696,0.036,11.222,0.165,8.596,,,,,,,,,0.30475,301.474575
55.3379874,-0.1533646,b'03h41m21.12s',b'-00d09m12.11s',0.2024,0.2056,-0.0669,14.538,0.071,15.2,1.096,14.051,0.161,6.8,0.405,1,0,b'0000',b'AB',10,56698.12875370,559100001351034383,14.288,0.029,13.696,0.036,11.222,0.165,8.596,,,,,,,,,0.307589,358.256177
55.3379301,-0.1533886,b'03h41m21.10s',b'-00d09m12.20s',0.3895,0.3698,-0.1690,14.615,0.112,9.7,1.333,13.742,,1.5,0.672,1,0,b'0000',b'BU',10,57979.14322936,559100001351034383,14.288,0.029,13.696,0.036,11.222,0.165,8.596,,,,,,,,,0.3088,315.708588
55.3380248,-0.1535307,b'03h41m21.13s',b'-00d09m12.71s',0.1613,0.2120,-0.0743,14.440,0.079,13.7,1.362,13.789,0.123,8.9,0.471,1,0,b'0000',b'AB',10,58869.46870427,559100001351034383,14.288,0.029,13.696,0.036,11.222,0.165,8.596,,,,,,,,,0.316385,156.673076
55.3380702,-0.1534131,b'03h41m21.14s',b'-00d09m12.29s',0.3089,0.3346,-0.1014,14.960,0.107,10.2,0.760,14.357,0.318,3.4,0.769,1,0,b'0000',b'AB',0,57979.33971150,559100001351034383,14.288,0.029,13.696,0.036,11.222,0.165,8.596,,,,,,,,,0.317815,65.292775
55.3379176,-0.1533990,b'03h41m21.10s',b'-00d09m12.24s',0.2051,0.1982,-0.0702,14.499,0.068,16.1,1.560,13.831,0.128,8.5,1.237,1,0,b'0000',b'AB',10,57781.69010771,559100001351034383,14.288,0.029,13.696,0.036,11.222,0.165,8.596,,,,,,,,,0.318809,305.161725
55.3380693,-0.1534904,b'03h41m21.14s',b'-00d09m12.57s',0.2417,0.2545,-0.0908,14.748,0.087,12.5,0.765,14.123,0.168,6.5,0.906,1,0,b'0000',b'AB',10,57982.80953843,559100001351034383,14.288,0.029,13.696,0.036,11.222,0.165,8.596,,,,,,,,,0.320391,116.997004
55.3379531,-0.1535316,b'03h41m21.11s',b'-00d09m12.71s',0.2666,0.2980,-0.1320,14.831,0.111,9.8,2.209,13.976,0.187,5.8,0.890,1,0,b'0000',b'BB',0,56889.29172808,559100001351034383,14.288,0.029,13.696,0.036,11.222,0.165,8.596,,,,,,,,,0.322404,204.332685
55.3379002,-0.1534461,b'03h41m21.10s',b'-00d09m12.41s',0.2228,0.2187,-0.0907,14.588,0.080,13.6,1.645,13.960,0.151,7.2,0.446,1,0,b'0000',b'AB',10,56698.52388351,559100001351034383,14.288,0.029,13.696,0.036,11.222,0.165,8.596,,,,,,,,,0.323589,272.486793
55.3379631,-0.1533613,b'03h41m21.11s',b'-00d09m12.10s',0.1863,0.1841,-0.0940,14.415,0.068,15.9,1.338,13.723,0.105,10.3,1.762,1,0,b'0000',b'AA',10,58870.12220313,559100001351034383,14.288,0.029,13.696,0.036,11.222,0.165,8.596,,,,,,,,,0.333679,343.129109
55.3379614,-0.1533618,b'03h41m21.11s',b'-00d09m12.10s',0.1945,0.1816,-0.0658,14.418,0.069,15.6,1.241,13.622,0.103,10.5,0.792,1,0,b'0000',b'AA',10,58869.40325252,559100001351034383,14.288,0.029,13.696,0.036,11.222,0.165,8.596,,,,,,,,,0.333792,342.034098
55.3379732,-0.1535421,b'03h41m21.11s',b'-00d09m12.75s',0.2094,0.1852,-0.0741,14.346,0.063,17.1,2.235,14.032,0.149,7.3,1.188,1,0,b'0000',b'AB',5,56888.56819337,559100001351034383,14.288,0.029,13.696,0.036,11.222,0.165,8.596,,,,,,,,,0.337031,190.337654
55.3379102,-0.1534002,b'03h41m21.10s',b'-00d09m12.24s',0.2964,0.2712,-0.1038,14.865,0.090,12.1,2.254,14.371,0.234,4.6,0.567,1,0,b'0000',b'AB',10,57982.15489512,559100001351034383,14.288,0.029,13.696,0.036,11.222,0.165,8.596,,,,,,,,,0.338625,301.966736
55.3378979,-0.1534721,b'03h41m21.10s',b'-00d09m12.50s',0.1733,0.1725,-0.0544,14.333,0.061,17.9,1.325,13.957,0.197,5.5,0.787,1,0,b'0000',b'AB',10,58869.86116014,559100001351034383,14.288,0.029,13.696,0.036,11.222,0.165,8.596,,,,,,,,,0.340974,256.506573
55.3379676,-0.1535433,b'03h41m21.11s',b'-00d09m12.76s',0.1812,0.1890,-0.0578,14.258,0.066,16.5,0.399,13.704,0.119,9.2,0.769,1,0,b'0000',b'AB',10,57058.40069361,559100001351034383,14.288,0.029,13.696,0.036,11.222,0.165,8.596,,,,,,,,,0.34542,193.500332
55.3380861,-0.1534444,b'03h41m21.14s',b'-00d09m12.40s',0.2191,0.2339,-0.1221,14.601,0.077,14.0,0.458,13.910,0.135,8.1,0.436,1,0,b'0000',b'AB',10,57418.00714566,559100001351034383,14.288,0.029,13.696,0.036,11.222,0.165,8.596,,,,,,,,,0.346539,86.664984
55.3380419,-0.1535321,b'03h41m21.13s',b'-00d09m12.72s',0.2776,0.2698,-0.0672,14.608,0.099,10.9,1.653,13.909,0.189,5.7,0.684,1,0,b'0000',b'AB',10,56698.26042112,559100001351034383,14.288,0.029,13.696,0.036,11.222,0.165,8.596,,,,,,,,,0.34966,147.700824
55.3380787,-0.1534940,b'03h41m21.14s',b'-00d09m12.58s',0.1740,0.1693,-0.0801,14.315,0.059,18.4,0.987,13.693,0.107,10.1,1.124,1,0,b'0000',b'AA',10,58139.35837840,559100001351034383,14.288,0.029,13.696,0.036,11.222,0.165,8.596,,,,,,,,,0.356443,116.383982
55.3379014,-0.1534944,b'03h41m21.10s',b'-00d09m12.58s',0.1782,0.1937,-0.0738,14.344,0.064,16.8,1.345,13.910,0.131,8.3,0.911,1,0,b'0000',b'AB',10,56889.09448153,559100001351034383,14.288,0.029,13.696,0.036,11.222,0.165,8.596,,,,,,,,,0.356774,243.383155
55.3378993,-0.1534094,b'03h41m21.10s',b'-00d09m12.27s',0.2761,0.2597,-0.0918,14.758,0.085,12.8,1.964,14.326,0.270,4.0,0.554,1,0,b'0000',b'AB',0,57614.82622836,559100001351034383,14.288,0.029,13.696,0.036,11.222,0.165,8.596,,,,,,,,,0.357739,294.114776
55.3380733,-0.1535044,b'03h41m21.14s',b'-00d09m12.62s',0.1833,0.1886,-0.0656,14.418,0.064,17.0,2.439,13.626,0.117,9.3,0.606,1,0,b'0000',b'AB',10,57058.00645488,559100001351034383,14.288,0.029,13.696,0.036,11.222,0.165,8.596,,,,,,,,,0.358162,123.14709
55.3378994,-0.1534066,b'03h41m21.10s',b'-00d09m12.26s',0.1717,0.1886,-0.0736,14.218,0.071,15.4,1.110,13.509,0.107,10.1,0.409,1,0,b'0000',b'AA',5,59078.05974122,559100001351034383,14.288,0.029,13.696,0.036,11.222,0.165,8.596,,,,,,,,,0.361653,295.595838
55.3380849,-0.1534844,b'03h41m21.14s',b'-00d09m12.54s',0.2100,0.2358,-0.0919,14.605,0.077,14.1,0.483,14.060,0.161,6.7,0.592,1,0,b'0000',b'AB',10,58710.29045558,559100001351034383,14.288,0.029,13.696,0.036,11.222,0.165,8.596,,,,,,,,,0.363386,109.92498
55.3379138,-0.1533832,b'03h41m21.10s',b'-00d09m12.18s',0.2562,0.2393,-0.0713,14.526,0.079,13.8,1.290,14.245,0.268,4.1,1.001,1,0,b'0000',b'AB',5,56886.00270420,559100001351034383,14.288,0.029,13.696,0.036,11.222,0.165,8.596,,,,,,,,,0.3648,311.239216
55.3379153,-0.1535230,b'03h41m21.10s',b'-00d09m12.68s',0.2276,0.2415,-0.1062,14.446,0.099,11.0,2.373,13.790,0.126,8.6,0.622,1,0,b'0000',b'AB',5,58345.73759313,559100001351034383,14.288,0.029,13.696,0.036,11.222,0.165,8.596,,,,,,,,,0.376009,225.659332
55.3380210,-0.1535499,b'03h41m21.13s',b'-00d09m12.78s',0.2034,0.2078,-0.0643,14.574,0.074,14.7,0.779,13.869,0.153,7.1,0.507,1,0,b'0000',b'AB',10,57615.21932038,559100001351034383,14.288,0.029,13.696,0.036,11.222,0.165,8.596,,,,,,,,,0.376561,162.760403
55.3380710,-0.1535170,b'03h41m21.14s',b'-00d09m12.66s',0.2028,0.2311,-0.0801,14.670,0.081,13.4,0.850,13.920,0.155,7.0,0.882,1,0,b'0000',b'AB',0,58710.74848934,559100001351034383,14.288,0.029,13.696,0.036,11.222,0.165,8.596,,,,,,,,,0.378426,129.59631
55.3380340,-0.1533544,b'03h41m21.13s',b'-00d09m12.08s',0.2124,0.2283,-0.0428,14.576,0.078,13.9,0.961,14.004,0.151,7.2,0.906,1,0,b'0000',b'AB',10,57780.83872163,559100001351034383,14.288,0.029,13.696,0.036,11.222,0.165,8.596,,,,,,,,,0.378862,24.714223
55.3380739,-0.1535172,b'03h41m21.14s',b'-00d09m12.66s',0.2389,0.2304,-0.1306,14.629,0.090,12.0,1.919,13.638,0.150,7.2,0.778,1,0,b'0000',b'AB',5,57418.33504200,559100001351034383,14.288,0.029,13.696,0.036,11.222,0.165,8.596,,,,,,,,,0.386979,128.693206
55.3378806,-0.1534612,b'03h41m21.09s',b'-00d09m12.46s',0.1842,0.2096,-0.0650,14.517,0.070,15.5,1.114,14.018,0.177,6.1,0.907,1,0,b'0000',b'AB',10,56698.39221600,559100001351034383,14.288,0.029,13.696,0.036,11.222,0.165,8.596,,,,,,,,,0.395896,264.154597
55.3380039,-0.1535597,b'03h41m21.12s',b'-00d09m12.81s',0.2918,0.2892,-0.1709,14.390,0.103,10.6,0.767,14.175,0.223,4.9,0.821,1,0,b'0000',b'AB',10,57417.61379679,559100001351034383,14.288,0.029,13.696,0.036,11.222,0.165,8.596,,,,,,,,,0.398074,172.778606
55.3380314,-0.1535527,b'03h41m21.13s',b'-00d09m12.79s',0.2360,0.2182,0.0189,14.521,0.075,14.6,0.961,13.874,0.144,7.5,0.997,1,0,b'0000',b'AB',5,57250.48867755,559100001351034383,14.288,0.029,13.696,0.036,11.222,0.165,8.596,,,,,,,,,0.398631,158.044925
55.3380565,-0.1535394,b'03h41m21.13s',b'-00d09m12.74s',0.3030,0.2617,-0.0416,14.552,0.084,13.0,1.438,14.260,0.235,4.6,0.387,1,0,b'0000',b'AB',10,57781.16610934,559100001351034383,14.288,0.029,13.696,0.036,11.222,0.165,8.596,,,,,,,,,0.401112,143.356462
55.3378802,-0.1534282,b'03h41m21.09s',b'-00d09m12.34s',0.1940,0.1839,-0.0589,14.462,0.068,16.0,0.480,13.892,0.146,7.5,0.392,1,0,b'0000',b'AB',10,57417.61392411,559100001351034383,14.288,0.029,13.696,0.036,11.222,0.165,8.596,,,,,,,,,0.402991,281.229669
55.3378943,-0.1533893,b'03h41m21.09s',b'-00d09m12.20s',0.2094,0.1927,-0.0352,14.356,0.067,16.1,0.925,13.903,0.145,7.5,0.592,1,0,b'0000',b'AB',10,58869.99193626,559100001351034383,14.288,0.029,13.696,0.036,11.222,0.165,8.596,,,,,,,,,0.407977,302.385977
55.3379680,-0.1535614,b'03h41m21.11s',b'-00d09m12.82s',0.2356,0.2080,-0.0903,14.582,0.075,14.4,0.661,13.863,0.117,9.3,0.650,1,0,b'0000',b'AB',10,57418.13830421,559100001351034383,14.288,0.029,13.696,0.036,11.222,0.165,8.596,,,,,,,,,0.408787,191.171355
55.3378825,-0.1534870,b'03h41m21.09s',b'-00d09m12.55s',0.2013,0.2443,0.0311,14.301,0.081,13.4,1.070,13.828,0.146,7.4,0.543,1,0,b'0000',b'AB',10,58869.73025661,559100001351034383,14.288,0.029,13.696,0.036,11.222,0.165,8.596,,,,,,,,,0.409283,251.007188
55.3379150,-0.1533627,b'03h41m21.10s',b'-00d09m12.11s',0.2287,0.3191,-0.1392,14.467,0.118,9.2,1.123,14.267,0.211,5.1,0.477,1,0,b'0000',b'BB',10,58346.32665833,559100001351034383,14.288,0.029,13.696,0.036,11.222,0.165,8.596,,,,,,,,,0.41433,319.334011
55.3378745,-0.1534360,b'03h41m21.09s',b'-00d09m12.37s',0.2644,0.2929,-0.0770,15.044,0.098,11.1,2.552,14.038,0.187,5.8,0.479,1,0,b'0000',b'AB',0,57982.54773207,559100001351034383,14.288,0.029,13.696,0.036,11.222,0.165,8.596,,,,,,,,,0.418843,276.911252
55.3378877,-0.1533903,b'03h41m21.09s',b'-00d09m12.21s',0.1863,0.1977,-0.0580,14.125,0.064,17.0,1.044,13.637,0.113,9.6,0.398,1,0,b'0000',b'AB',10,57057.87504194,559100001351034383,14.288,0.029,13.696,0.036,11.222,0.165,8.596,,,,,,,,,0.426398,300.266972
55.3379803,-0.1535682,b'03h41m21.12s',b'-00d09m12.85s',0.1993,0.2250,-0.0989,14.633,0.074,14.6,1.357,14.076,0.152,7.1,0.724,1,0,b'0000',b'AB',10,57780.70769021,559100001351034383,14.288,0.029,13.696,0.036,11.222,0.165,8.596,,,,,,,,,0.426952,184.691408
55.3379213,-0.1535481,b'03h41m21.10s',b'-00d09m12.77s',0.1923,0.2668,-0.1180,14.538,0.100,10.9,1.935,13.967,0.195,5.6,0.500,1,0,b'0000',b'AB',0,59077.60208905,559100001351034383,14.288,0.029,13.696,0.036,11.222,0.165,8.596,,,,,,,,,0.431146,215.003681
55.3379442,-0.1533380,b'03h41m21.11s',b'-00d09m12.02s',0.2175,0.2171,-0.0481,14.653,0.079,13.7,1.329,13.816,0.120,9.0,1.131,1,0,b'0000',b'AB',10,57781.23168863,559100001351034383,14.288,0.029,13.696,0.036,11.222,0.165,8.596,,,,,,,,,0.435604,337.759016
55.3381116,-0.1534439,b'03h41m21.15s',b'-00d09m12.40s',0.1805,0.2304,-0.0771,14.391,0.085,12.8,1.701,13.667,0.139,7.8,0.532,1,0,b'0000',b'AB',10,57057.74375632,559100001351034383,14.288,0.029,13.696,0.036,11.222,0.165,8.596,,,,,,,,,0.438307,87.128185
55.3380564,-0.1535526,b'03h41m21.13s',b'-00d09m12.79s',0.3038,0.3470,-0.1177,14.970,0.112,9.7,0.923,14.193,0.248,4.4,0.946,1,0,b'0000',b'BB',10,57979.20880830,559100001351034383,14.288,0.029,13.696,0.036,11.222,0.165,8.596,,,,,,,,,0.439963,147.09022
55.3381051,-0.1534915,b'03h41m21.15s',b'-00d09m12.57s',0.2440,0.2522,-0.0904,14.780,0.086,12.7,0.883,14.364,0.206,5.3,0.696,1,0,b'0000',b'AB',0,58710.68303772,559100001351034383,14.288,0.029,13.696,0.036,11.222,0.165,8.596,,,,,,,,,0.440467,109.827141
55.3379851,-0.1533275,b'03h41m21.12s',b'-00d09m11.98s',0.2450,0.3145,-0.0859,14.640,0.086,12.7,1.176,14.188,0.281,3.9,0.491,1,0,b'0000',b'AB',5,57982.22034674,559100001351034383,14.288,0.029,13.696,0.036,11.222,0.165,8.596,,,,,,,,,0.441357,357.709398
55.3378685,-0.1534664,b'03h41m21.09s',b'-00d09m12.48s',0.3213,0.3022,-0.1150,14.801,0.095,11.4,0.783,14.788,0.498,2.2,0.718,1,0,b'0000',b'AC',10,57979.40516308,559100001351034383,14.288,0.029,13.696,0.036,11.222,0.165,8.596,,,,,,,,,0.441367,262.312683
55.3379115,-0.1535448,b'03h41m21.10s',b'-00d09m12.76s',0.2014,0.2276,-0.0311,14.668,0.078,13.9,1.323,13.920,0.153,7.1,0.487,1,0,b'0000',b'AB',5,57251.21030150,559100001351034383,14.288,0.029,13.696,0.036,11.222,0.165,8.596,,,,,,,,,0.443098,219.626663
55.3380902,-0.1533771,b'03h41m21.14s',b'-00d09m12.16s',0.2013,0.1850,-0.0820,14.336,0.067,16.1,1.701,13.757,0.114,9.5,1.106,1,0,b'0000',b'AB',10,56888.83127372,559100001351034383,14.288,0.029,13.696,0.036,11.222,0.165,8.596,,,,,,,,,0.446083,53.96233
55.3380501,-0.1535589,b'03h41m21.13s',b'-00d09m12.81s',0.1556,0.1772,-0.0600,14.286,0.059,18.4,1.702,13.666,0.108,10.0,0.952,1,0,b'0000',b'AA',10,58139.42383028,559100001351034383,14.288,0.029,13.696,0.036,11.222,0.165,8.596,,,,,,,,,0.447785,151.106551
55.3379455,-0.1535662,b'03h41m21.11s',b'-00d09m12.84s',0.2412,0.2287,-0.0712,14.565,0.076,14.2,1.342,13.933,0.155,7.0,0.758,1,0,b'0000',b'AB',5,58710.15967978,559100001351034383,14.288,0.029,13.696,0.036,11.222,0.165,8.596,,,,,,,,,0.447943,200.954793
55.3378662,-0.1534721,b'03h41m21.09s',b'-00d09m12.50s',0.2782,0.2548,-0.0682,14.399,0.079,13.8,1.971,13.970,,1.2,1.277,1,0,b'0000',b'AU',10,57789.09077461,559100001351034383,14.288,0.029,13.696,0.036,11.222,0.165,8.596,,,,,,,,,0.452726,259.878496
55.3380863,-0.1533687,b'03h41m21.14s',b'-00d09m12.13s',0.2621,0.2487,-0.0900,14.709,0.080,13.6,3.134,14.186,0.209,5.2,1.155,1,0,b'0000',b'AB',0,56888.69973350,559100001351034383,14.288,0.029,13.696,0.036,11.222,0.165,8.596,,,,,,,,,0.453705,49.827612
55.3380971,-0.1535174,b'03h41m21.14s',b'-00d09m12.66s',0.2186,0.2074,-0.0285,14.444,0.075,14.5,2.765,13.781,0.138,7.9,1.104,1,0,b'0000',b'AB',0,58346.32653097,559100001351034383,14.288,0.029,13.696,0.036,11.222,0.165,8.596,,,,,,,,,0.455555,122.183055
55.3378677,-0.1534837,b'03h41m21.09s',b'-00d09m12.54s',0.2564,0.2311,-0.0946,14.675,0.080,13.5,2.949,13.833,0.131,8.3,0.521,1,0,b'0000',b'AB',5,58346.19524575,559100001351034383,14.288,0.029,13.696,0.036,11.222,0.165,8.596,,,,,,,,,0.456683,254.594301
55.3379343,-0.1535690,b'03h41m21.10s',b'-00d09m12.85s',0.3642,0.3792,-0.1884,15.143,0.128,8.5,2.132,14.391,0.288,3.8,0.920,1,0,b'0000',b'BB',0,57251.47261762,559100001351034383,14.288,0.029,13.696,0.036,11.222,0.165,8.596,,,,,,,,,0.473003,205.082675
55.3379080,-0.1535530,b'03h41m21.10s',b'-00d09m12.79s',0.2379,0.2326,0.0558,14.449,0.085,12.8,1.233,14.040,0.290,3.7,0.796,1,0,b'0000',b'AB',0,58346.12979414,559100001351034383,14.288,0.029,13.696,0.036,11.222,0.165,8.596,,,,,,,,,0.47396,218.523775
55.3381079,-0.1533897,b'03h41m21.15s',b'-00d09m12.20s',0.2444,0.2137,-0.0821,14.234,0.098,11.1,1.459,13.892,0.139,7.8,0.843,1,0,b'0000',b'AB',10,58139.16202296,559100001351034383,14.288,0.029,13.696,0.036,11.222,0.165,8.596,,,,,,,,,0.476733,62.912426
55.3380424,-0.1535728,b'03h41m21.13s',b'-00d09m12.86s',0.2569,0.2438,-0.1100,14.629,0.080,13.6,2.548,14.242,0.220,4.9,0.949,1,0,b'0000',b'AB',0,59077.20963437,559100001351034383,14.288,0.029,13.696,0.036,11.222,0.165,8.596,,,,,,,,,0.48064,156.891642
55.3380666,-0.1535595,b'03h41m21.14s',b'-00d09m12.81s',0.2226,0.2093,-0.0854,14.687,0.074,14.7,1.179,13.920,0.130,8.3,1.012,1,0,b'0000',b'AB',10,58505.55640128,559100001351034383,14.288,0.029,13.696,0.036,11.222,0.165,8.596,,,,,,,,,0.481082,145.025639
55.3379280,-0.1535731,b'03h41m21.10s',b'-00d09m12.86s',0.1795,0.1754,-0.0731,14.362,0.064,16.9,0.641,13.639,0.135,8.0,0.576,1,0,b'0000',b'AB',10,58869.59948044,559100001351034383,14.288,0.029,13.696,0.036,11.222,0.165,8.596,,,,,,,,,0.496191,206.732282
55.3380360,-0.1535812,b'03h41m21.13s',b'-00d09m12.89s',0.2237,0.2471,-0.0596,14.702,0.084,13.0,1.223,14.244,0.199,5.4,0.439,1,0,b'0000',b'AB',0,57250.88227903,559100001351034383,14.288,0.029,13.696,0.036,11.222,0.165,8.596,,,,,,,,,0.500513,160.6789
55.3380207,-0.1535869,b'03h41m21.12s',b'-00d09m12.91s',0.2253,0.2232,-0.0542,14.530,0.085,12.7,1.163,14.154,0.213,5.1,0.273,1,0,b'0000',b'AB',10,58505.16381788,559100001351034383,14.288,0.029,13.696,0.036,11.222,0.165,8.596,,,,,,,,,0.505079,167.360498
55.3380180,-0.1533123,b'03h41m21.12s',b'-00d09m11.92s',0.3535,0.3679,-0.1752,15.231,0.117,9.3,1.661,14.363,0.206,5.3,0.555,1,0,b'0000',b'BB',0,57250.35739211,559100001351034383,14.288,0.029,13.696,0.036,11.222,0.165,8.596,,,,,,,,,0.505864,11.493814
55.3381240,-0.1534058,b'03h41m21.15s',b'-00d09m12.26s',0.2442,0.2139,-0.0802,14.510,0.072,15.0,1.354,14.033,0.194,5.6,0.956,1,0,b'0000',b'AB',10,57614.69519766,559100001351034383,14.288,0.029,13.696,0.036,11.222,0.165,8.596,,,,,,,,,0.507961,71.744761
55.3378682,-0.1535214,b'03h41m21.09s',b'-00d09m12.68s',0.1713,0.1749,-0.0672,14.369,0.061,17.8,1.653,13.721,0.123,8.8,0.726,1,0,b'0000',b'AB',10,58138.96566740,559100001351034383,14.288,0.029,13.696,0.036,11.222,0.165,8.596,,,,,,,,,0.508267,239.620784
55.3380767,-0.1535672,b'03h41m21.14s',b'-00d09m12.84s',0.2151,0.2323,-0.1129,14.505,0.077,14.1,1.794,13.998,0.168,6.4,0.389,1,0,b'0000',b'AB',5,58346.26120668,559100001351034383,14.288,0.029,13.696,0.036,11.222,0.165,8.596,,,,,,,,,0.524819,143.507503
55.3381152,-0.1533745,b'03h41m21.15s',b'-00d09m12.15s',0.2034,0.2148,-0.0602,14.484,0.076,14.4,0.982,13.648,0.123,8.8,0.561,1,0,b'0000',b'AB',10,57615.08828975,559100001351034383,14.288,0.029,13.696,0.036,11.222,0.165,8.596,,,,,,,,,0.526328,58.908456
55.3379594,-0.1533031,b'03h41m21.11s',b'-00d09m11.89s',0.2442,0.2777,-0.1352,14.286,0.115,9.5,1.449,14.046,0.163,6.6,1.463,1,0,b'0000',b'BB',0,57251.01343711,559100001351034383,14.288,0.029,13.696,0.036,11.222,0.165,8.596,,,,,,,,,0.540191,348.23331
55.3380286,-0.1535968,b'03h41m21.13s',b'-00d09m12.95s',0.2285,0.2488,-0.0843,14.676,0.080,13.5,1.258,13.998,0.159,6.8,0.385,1,0,b'0000',b'AB',10,57251.34145954,559100001351034383,14.288,0.029,13.696,0.036,11.222,0.165,8.596,,,,,,,,,0.546442,165.268015
55.3380893,-0.1535731,b'03h41m21.14s',b'-00d09m12.86s',0.1695,0.1955,-0.0738,14.345,0.062,17.5,1.678,13.876,0.123,8.8,0.634,1,0,b'0000',b'AB',10,57418.33491464,559100001351034383,14.288,0.029,13.696,0.036,11.222,0.165,8.596,,,,,,,,,0.569369,141.108327
55.3379761,-0.1532923,b'03h41m21.11s',b'-00d09m11.85s',0.2528,0.2616,-0.0732,14.706,0.082,13.3,0.922,14.496,0.280,3.9,0.502,1,0,b'0000',b'AB',5,57982.41670156,559100001351034383,14.288,0.029,13.696,0.036,11.222,0.165,8.596,,,,,,,,,0.569924,354.962869
55.3378760,-0.1533391,b'03h41m21.09s',b'-00d09m12.02s',0.2800,0.2886,-0.0749,14.708,0.114,9.5,0.989,14.274,0.195,5.6,0.604,1,0,b'0000',b'BB',10,57781.29714066,559100001351034383,14.288,0.029,13.696,0.036,11.222,0.165,8.596,,,,,,,,,0.572554,314.210393
55.3381396,-0.1533809,b'03h41m21.15s',b'-00d09m12.17s',0.2516,0.2877,-0.1057,14.826,0.089,12.2,2.039,14.356,0.207,5.3,1.193,1,0,b'0000',b'AB',0,57981.95841293,559100001351034383,14.288,0.029,13.696,0.036,11.222,0.165,8.596,,,,,,,,,0.593234,65.207783
55.3380880,-0.1535825,b'03h41m21.14s',b'-00d09m12.90s',0.2111,0.2472,-0.0535,14.632,0.083,13.1,1.150,14.092,0.157,6.9,0.670,1,0,b'0000',b'AB',10,57417.94169370,559100001351034383,14.288,0.029,13.696,0.036,11.222,0.165,8.596,,,,,,,,,0.59329,143.512631
55.3379497,-0.1532899,b'03h41m21.11s',b'-00d09m11.84s',0.2561,0.2827,-0.1064,14.382,0.108,10.1,0.632,13.758,0.168,6.4,0.549,1,0,b'0000',b'AB',5,57781.10065726,559100001351034383,14.288,0.029,13.696,0.036,11.222,0.165,8.596,,,,,,,,,0.594339,345.871216
55.3381540,-0.1534880,b'03h41m21.16s',b'-00d09m12.56s',0.2063,0.2197,-0.0903,14.465,0.070,15.6,1.853,13.985,0.186,5.8,0.625,1,0,b'0000',b'AB',0,58346.58833750,559100001351034383,14.288,0.029,13.696,0.036,11.222,0.165,8.596,,,,,,,,,0.606042,103.045682
55.3380400,-0.1536121,b'03h41m21.13s',b'-00d09m13.00s',0.3127,0.3649,-0.1472,15.091,0.107,10.2,1.990,15.155,0.438,2.5,0.849,1,0,b'0000',b'AC',0,57615.67786403,559100001351034383,14.288,0.029,13.696,0.036,11.222,0.165,8.596,,,,,,,,,0.610693,162.857597
55.3379605,-0.1536186,b'03h41m21.11s',b'-00d09m13.03s',0.3274,0.3047,-0.1064,15.014,0.102,10.6,1.489,14.192,0.185,5.9,0.817,1,0,b'0000',b'AB',0,57982.28579831,559100001351034383,14.288,0.029,13.696,0.036,11.222,0.165,8.596,,,,,,,,,0.616183,189.924562
55.3381346,-0.1535536,b'03h41m21.15s',b'-00d09m12.79s',0.2287,0.2459,-0.1116,14.615,0.080,13.6,0.589,13.968,0.139,7.8,0.744,1,0,b'0000',b'AB',10,58505.36004591,559100001351034383,14.288,0.029,13.696,0.036,11.222,0.165,8.596,,,,,,,,,0.640376,125.620151
55.3378609,-0.1533238,b'03h41m21.09s',b'-00d09m11.97s',0.2399,0.3330,-0.1467,14.777,0.094,11.6,1.111,14.554,0.207,5.3,1.080,1,0,b'0000',b'AB',10,58505.62185310,559100001351034383,14.288,0.029,13.696,0.036,11.222,0.165,8.596,,,,,,,,,0.649931,314.349297
55.3378487,-0.1533365,b'03h41m21.08s',b'-00d09m12.01s',0.2396,0.2699,-0.1012,14.664,0.082,13.2,1.922,14.035,0.259,4.2,0.705,1,0,b'0000',b'AB',5,57979.53606632,559100001351034383,14.288,0.029,13.696,0.036,11.222,0.165,8.596,,,,,,,,,0.652462,308.773463
55.3381708,-0.1534846,b'03h41m21.16s',b'-00d09m12.54s',0.2245,0.2200,-0.0472,14.521,0.078,14.0,1.493,13.997,0.191,5.7,1.515,1,0,b'0000',b'AB',5,59077.92896545,559100001351034383,14.288,0.029,13.696,0.036,11.222,0.165,8.596,,,,,,,,,0.662691,100.833839
55.3378163,-0.1535207,b'03h41m21.08s',b'-00d09m12.67s',0.3877,0.4257,-0.1740,15.233,0.119,9.1,1.984,14.754,,-0.4,0.634,1,0,b'0000',b'BU',0,57614.95725905,559100001351034383,14.288,0.029,13.696,0.036,11.222,0.165,8.596,,,,,,,,,0.675133,247.852445
55.3379378,-0.1536340,b'03h41m21.11s',b'-00d09m13.08s',0.2235,0.2059,-0.1036,14.390,0.072,15.0,0.891,14.038,0.149,7.3,0.671,1,0,b'0000',b'AB',10,57417.87611442,559100001351034383,14.288,0.029,13.696,0.036,11.222,0.165,8.596,,,,,,,,,0.688538,195.838355
55.3378579,-0.1535948,b'03h41m21.09s',b'-00d09m12.94s',0.2581,0.2953,-0.1156,14.987,0.098,11.1,0.941,13.814,0.154,7.1,0.717,1,0,b'0000',b'AB',0,57982.67863522,559100001351034383,14.288,0.029,13.696,0.036,11.222,0.165,8.596,,,,,,,,,0.705614,222.373871
55.3379125,-0.1536322,b'03h41m21.10s',b'-00d09m13.08s',0.2708,0.3048,-0.0100,14.723,0.104,10.5,1.625,13.950,0.210,5.2,0.899,1,0,b'0000',b'AB',5,58710.87926515,559100001351034383,14.288,0.029,13.696,0.036,11.222,0.165,8.596,,,,,,,,,0.712793,203.042729
55.3381319,-0.1536023,b'03h41m21.15s',b'-00d09m12.97s',0.2703,0.2512,-0.0933,14.688,0.082,13.2,2.960,14.585,0.285,3.8,0.859,1,0,b'0000',b'AB',0,57981.82750968,559100001351034383,14.288,0.029,13.696,0.036,11.222,0.165,8.596,,,,,,,,,0.749375,137.024671
55.3377817,-0.1534441,b'03h41m21.07s',b'-00d09m12.40s',0.2849,0.2590,-0.0955,14.754,0.087,12.4,0.983,14.480,0.259,4.2,0.484,1,0,b'0000',b'AB',5,57981.69660648,559100001351034383,14.288,0.029,13.696,0.036,11.222,0.165,8.596,,,,,,,,,0.750175,271.622448
55.3377930,-0.1533551,b'03h41m21.07s',b'-00d09m12.08s',0.3256,0.3393,0.0368,14.953,0.113,9.6,1.734,14.128,0.180,6.0,0.956,1,0,b'0000',b'BB',0,58346.71924073,559100001351034383,14.288,0.029,13.696,0.036,11.222,0.165,8.596,,,,,,,,,0.787198,295.721401
55.3381646,-0.1535860,b'03h41m21.16s',b'-00d09m12.91s',0.2881,0.2855,-0.0853,14.989,0.096,11.3,3.323,14.455,0.212,5.1,0.969,1,0,b'0000',b'AB',0,58346.85014404,559100001351034383,14.288,0.029,13.696,0.036,11.222,0.165,8.596,,,,,,,,,0.796741,127.915954
55.3382100,-0.1534900,b'03h41m21.17s',b'-00d09m12.56s',0.5446,0.4730,0.0778,15.188,0.144,7.5,2.198,14.701,0.424,2.6,0.582,1,0,b'0000',b'BC',0,57979.66696953,559100001351034383,14.288,0.029,13.696,0.036,11.222,0.165,8.596,,,,,,,,,0.80498,100.304883
55.3378501,-0.1532727,b'03h41m21.08s',b'-00d09m11.78s',0.3236,0.3754,-0.1476,14.723,0.140,7.7,0.732,13.891,0.127,8.5,1.249,1,0,b'0000',b'BB',10,56889.42326831,559100001351034383,14.288,0.029,13.696,0.036,11.222,0.165,8.596,,,,,,,,,0.813049,321.724608
55.3380695,-0.1532357,b'03h41m21.14s',b'-00d09m11.65s',0.2411,0.2548,-0.0399,14.627,0.084,12.9,1.768,14.539,0.295,3.7,0.953,1,0,b'0000',b'AB',10,56698.58984463,559100001351034383,14.288,0.029,13.696,0.036,11.222,0.165,8.596,,,,,,,,,0.822854,20.353541
55.3378050,-0.1535850,b'03h41m21.07s',b'-00d09m12.91s',0.2893,0.2640,-0.1261,14.638,0.098,11.1,2.067,14.160,0.224,4.9,0.892,1,0,b'0000',b'AB',0,56885.93699782,559100001351034383,14.288,0.029,13.696,0.036,11.222,0.165,8.596,,,,,,,,,0.824472,233.880561
55.3382339,-0.1534868,b'03h41m21.18s',b'-00d09m12.55s',0.3734,0.2709,-0.0862,14.737,0.106,10.3,1.410,14.838,0.387,2.8,0.563,1,0,b'0000',b'AC',10,58505.49094950,559100001351034383,14.288,0.029,13.696,0.036,11.222,0.165,8.596,,,,,,,,,0.887974,98.580185
55.3378879,-0.1536901,b'03h41m21.09s',b'-00d09m13.28s',0.2518,0.2954,0.0557,14.667,0.095,11.4,2.226,14.291,0.213,5.1,1.256,1,0,b'0000',b'AB',0,58346.26107936,559100001351034383,14.288,0.029,13.696,0.036,11.222,0.165,8.596,,,,,,,,,0.939266,203.037039
55.3380135,-0.1537182,b'03h41m21.12s',b'-00d09m13.39s',0.2203,0.2632,-0.0781,14.699,0.082,13.2,1.930,14.351,0.222,4.9,0.964,1,0,b'0000',b'AB',0,59077.47118596,559100001351034383,14.288,0.029,13.696,0.036,11.222,0.165,8.596,,,,,,,,,0.969218,174.992483
55.3378145,-0.1532453,b'03h41m21.08s',b'-00d09m11.68s',0.2774,0.2914,-0.0684,14.763,0.113,9.6,1.482,14.174,0.168,6.5,1.234,1,0,b'0000',b'BB',10,57250.81669998,559100001351034383,14.288,0.029,13.696,0.036,11.222,0.165,8.596,,,,,,,,,0.970679,319.391892
55.3378704,-0.1537020,b'03h41m21.09s',b'-00d09m13.33s',0.3061,0.3193,-0.0381,14.869,0.099,11.0,1.643,14.292,0.223,4.9,1.091,1,0,b'0000',b'AB',0,58346.39198258,559100001351034383,14.288,0.029,13.696,0.036,11.222,0.165,8.596,,,,,,,,,1.004188,205.389084
55.3382417,-0.1536147,b'03h41m21.18s',b'-00d09m13.01s',0.3133,0.3117,-0.0932,15.009,0.105,10.3,2.186,13.765,0.164,6.6,0.870,1,0,b'0000',b'AB',0,56885.67379043,559100001351034383,14.288,0.029,13.696,0.036,11.222,0.165,8.596,,,,,,,,,1.082866,123.198841
55.3378624,-0.1531628,b'03h41m21.09s',b'-00d09m11.39s',0.2802,0.3187,-0.1822,14.839,0.104,10.4,1.919,14.116,0.230,4.7,0.909,1,0,b'0000',b'AB',0,57982.35124993,559100001351034383,14.288,0.029,13.696,0.036,11.222,0.165,8.596,,,,,,,,,1.131372,336.044991
55.3379095,-0.1537581,b'03h41m21.10s',b'-00d09m13.53s',0.3360,0.3080,-0.1519,14.679,0.095,11.5,1.610,13.982,0.240,4.5,1.094,1,0,b'0000',b'AB',5,57978.94687458,559100001351034383,14.288,0.029,13.696,0.036,11.222,0.165,8.596,,,,,,,,,1.146394,194.642775
55.3382613,-0.1536254,b'03h41m21.18s',b'-00d09m13.05s',0.3395,0.4375,-0.1525,14.813,0.109,9.9,1.397,14.198,0.273,4.0,0.568,1,0,b'0000',b'BB',5,57979.20868094,559100001351034383,14.288,0.029,13.696,0.036,11.222,0.165,8.596,,,,,,,,,1.163018,122.88344
55.3378393,-0.1537536,b'03h41m21.08s',b'-00d09m13.51s',0.3268,0.3375,-0.1050,15.099,0.112,9.7,2.269,14.768,0.319,3.4,0.499,1,0,b'0000',b'BB',0,58710.48681032,559100001351034383,14.288,0.029,13.696,0.036,11.222,0.165,8.596,,,,,,,,,1.220198,206.398654
55.3381969,-0.1531435,b'03h41m21.17s',b'-00d09m11.32s',0.2191,0.3074,-0.0773,14.575,0.086,12.7,2.615,14.150,0.179,6.1,0.569,1,0,b'0000',b'AB',0,59077.60196172,559100001351034383,14.288,0.029,13.696,0.036,11.222,0.165,8.596,,,,,,,,,1.331267,34.02086
55.3376449,-0.1532987,b'03h41m21.03s',b'-00d09m11.88s',0.4014,0.3424,-0.1386,15.013,0.119,9.1,2.254,14.884,0.412,2.6,0.944,1,0,b'0000',b'BC',0,57615.41580270,559100001351034383,14.288,0.029,13.696,0.036,11.222,0.165,8.596,,,,,,,,,1.35651,293.673857
55.3378967,-0.1538198,b'03h41m21.10s',b'-00d09m13.75s',0.3527,0.3360,-0.0582,15.074,0.118,9.2,1.920,13.955,0.202,5.4,0.639,1,0,b'0000',b'BB',0,56885.80533049,559100001351034383,14.288,0.029,13.696,0.036,11.222,0.165,8.596,,,,,,,,,1.372998,194.160077
55.3383870,-0.1535705,b'03h41m21.21s',b'-00d09m12.85s',0.4088,0.2510,-0.1915,14.168,0.113,9.6,0.817,13.850,0.291,3.7,0.867,1,0,b'0000',b'BB',10,58144.59428331,559100001351034383,14.288,0.029,13.696,0.036,11.222,0.165,8.596,,,,,,,,,1.493579,106.884489
55.3383078,-0.1531629,b'03h41m21.19s',b'-00d09m11.39s',0.4796,0.4330,-0.1289,15.399,0.152,7.2,2.309,14.704,0.380,2.9,0.783,1,0,b'0000',b'BC',0,57979.27425987,559100001351034383,14.288,0.029,13.696,0.036,11.222,0.165,8.596,,,,,,,,,1.541804,47.905292
55.3380767,-0.1529814,b'03h41m21.14s',b'-00d09m10.73s',0.3910,0.3994,-0.1856,15.043,0.127,8.5,2.250,14.502,0.312,3.5,0.833,1,0,b'0000',b'BB',0,58710.55213455,559100001351034383,14.288,0.029,13.696,0.036,11.222,0.165,8.596,,,,,,,,,1.715592,10.482246
55.3380665,-0.1529716,b'03h41m21.14s',b'-00d09m10.70s',0.3310,0.3273,-0.1312,14.823,0.106,10.2,1.443,14.579,0.424,2.6,0.458,1,0,b'0000',b'AC',0,57979.07777784,559100001351034383,14.288,0.029,13.696,0.036,11.222,0.165,8.596,,,,,,,,,1.744121,9.085107
55.3379795,-0.1539607,b'03h41m21.12s',b'-00d09m14.26s',0.2552,0.2505,-0.0842,14.741,0.086,12.7,2.547,13.915,0.151,7.2,0.765,1,0,b'0000',b'AB',0,58346.45743424,559100001351034383,14.288,0.029,13.696,0.036,11.222,0.165,8.596,,,,,,,,,1.838908,181.177832
55.3384667,-0.1530145,b'03h41m21.23s',b'-00d09m10.85s',0.3072,0.3334,-0.1665,14.973,0.104,10.5,2.662,14.095,0.193,5.6,0.835,1,0,b'0000',b'AB',0,59077.34041015,559100001351034383,14.288,0.029,13.696,0.036,11.222,0.165,8.596,,,,,,,,,2.324445,47.585936
55.3377707,-0.1541197,b'03h41m21.06s',b'-00d09m14.83s',0.3198,0.3158,0.0442,14.953,0.100,10.9,3.444,14.429,0.278,3.9,0.984,1,0,b'0000',b'AB',0,57615.15374140,559100001351034383,14.288,0.029,13.696,0.036,11.222,0.165,8.596,,,,,,,,,2.53689,198.131493
55.3384713,-0.1526772,b'03h41m21.23s',b'-00d09m09.64s',0.4313,0.4037,0.2013,14.993,0.130,8.4,2.953,14.458,0.274,4.0,0.707,1,0,b'0000',b'BB',0,58710.74836198,,,,,,,,,,,,,,,,,3.277518,31.914568
55.3385424,-0.1524098,b'03h41m21.25s',b'-00d09m08.68s',0.3904,0.3764,-0.0822,15.184,0.133,8.2,2.940,14.166,0.163,6.7,0.584,1,0,b'0000',b'BB',0,57615.54683333,,,,,,,,,,,,,,,,,4.239998,27.97053
55.3388546,-0.1526022,b'03h41m21.33s',b'-00d09m09.37s',0.3877,0.3699,-0.1161,14.716,0.159,6.8,1.486,15.025,0.358,3.0,1.575,1,0,b'0000',b'BC',0,58710.02890397,,,,,,,,,,,,,,,,,4.35926,45.561998
55.3385272,-0.1521464,b'03h41m21.25s',b'-00d09m07.73s',0.3705,0.3798,0.1785,14.890,0.138,7.9,1.933,14.555,0.235,4.6,0.979,1,0,b'0000',b'BB',0,57251.07901612,,,,,,,,,,,,,,,,,5.075814,22.395979
55.3388793,-0.1520269,b'03h41m21.33s',b'-00d09m07.30s',0.5681,0.5876,0.1610,15.463,0.202,5.4,1.342,14.812,0.451,2.4,0.482,1,0,b'0000',b'BC',0,58718.53330714,,,,,,,,,,,,,,,,,6.041206,32.001312
55.3387872,-0.1511336,b'03h41m21.31s',b'-00d09m04.08s',0.3830,0.3974,-0.1208,15.428,0.133,8.1,1.121,14.570,0.249,4.4,0.596,1,0,b'0000',b'BB',0,58346.85014404,559100001351034654,17.059,0.131,16.453,,11.923,,8.550,,,,,,,,,8.819069,18.991082
